source,target,producer_overlap,same_branch,historical_share_corr,lag1_directed_corr,combined_strength,combined_signed
2162,2163,0.8972395949620536,1.0,0.5773884584314648,-0.28707652439263687,0.8218363350104663,0.28934149529734393
2163,2162,0.8972395949620536,1.0,0.5773884584314648,0.34063034444058365,0.8218363350104663,0.2647396347857488
2165,2166,0.6656624153455092,1.0,0.6748587167240316,-0.8239424237323439,0.7352888226899641,0.2562047958355774
2166,2165,0.6656624153455092,1.0,0.6748587167240316,0.2943872398458908,0.7352888226899641,0.2293925450938267
4398,4397,0.9363163229973713,0.0,0.2794389002757665,-0.2351959238376435,0.5519898315814156,0.1850971674519439
4397,4398,0.9363163229973713,0.0,0.2794389002757665,-0.2304096289621841,0.5519898315814156,0.18929874708737718
2017,2017А,0.6274558051381586,1.0,-0.06977498254333753,0.5023347227090762,0.5346603973320806,0.17738185890776223
2017А,2017,0.6274558051381586,1.0,-0.06977498254333753,-0.4122056360989932,0.5346603973320806,0.2395791380197033
2146,2064,0.49914413821378967,1.0,-0.1827193282464394,-0.09948871783193862,0.5043878675808267,-0.21827867696170122
2064,2146,0.49914413821378967,1.0,-0.1827193282464394,-0.1371238205679718,0.5043878675808267,-0.1539336797878933
2077,2074,0.5547001962252291,1.0,-0.04555107499276381,0.22097020167743825,0.49101542061044373,0.24228205546987452
2074,2077,0.5547001962252291,1.0,-0.04555107499276381,-0.26963799227182617,0.49101542061044373,0.16762079275234779
2072,2074,0.7526108274911983,0.0,-0.16150839786366258,0.3873678866039947,0.42475793310469795,-0.14396904794573664
2074,2072,0.7526108274911983,0.0,-0.16150839786366258,-0.3336119709880612,0.42475793310469795,-0.14500208850129911
820,2015,0.4080856797727979,1.0,-0.053017619643137524,-0.1920780830626924,0.41994812577934026,0.12892891329710726
2015,820,0.4080856797727979,1.0,-0.053017619643137524,-0.5798624222318576,0.41994812577934026,0.20869300340063907
2166,2167,0.6725382459813658,0.0,-0.17879321758511382,-0.4224397959761156,0.38990708826621706,-0.12164169584449697
2167,2166,0.6725382459813658,0.0,-0.17879321758511382,0.871025460260688,0.38990708826621706,-0.17519127526093042
4394,2026,0.619411624075483,0.0,-0.2141474905252379,-0.17974421338553595,0.3739500591953129,-0.10311540498999278
2026,4394,0.619411624075483,0.0,-0.2141474905252379,-0.2366444335233666,0.3739500591953129,-0.17022018034221034
2031,4394,0.7140062188840496,0.0,-0.043091159046977336,0.044396273595881455,0.369930457156118,0.16773804856405608
4394,2031,0.7140062188840496,0.0,-0.043091159046977336,-0.12845041657861947,0.369930457156118,0.10200701395761244
2697,4398,0.1324107171789642,1.0,-0.2732332513438337,-0.04877164263142168,0.34817533399263223,-0.11537024104219967
4398,2697,0.1324107171789642,1.0,-0.2732332513438337,0.5124308680558409,0.34817533399263223,-0.11675263639193555
2167,2161,0.5627041755055558,0.0,0.18591619376130208,-0.05151138183503651,0.33712694588116854,0.1514763423162469
2161,2167,0.5627041755055558,0.0,0.18591619376130208,-0.15965870943447782,0.33712694588116854,0.11679068321617511
951,2074,0.27520836646151264,0.0,0.6207945845083286,-0.04718707664028222,0.3238425585832549,0.10286051051151363
2074,951,0.27520836646151264,0.0,0.6207945845083286,-0.04118053058949977,0.3238425585832549,0.11055201958665173
4398,4394,0.4249541121840762,0.0,-0.33581681661703755,-0.039244417206910506,0.3132221010771494,-0.10503186902307202
4394,4398,0.4249541121840762,0.0,-0.33581681661703755,0.1538401166997603,0.3132221010771494,-0.08636988552398532
951,2077,0.4961389383568339,0.0,0.16646791557789098,-0.7094268881028777,0.29800984385178425,0.09465539307172459
2077,951,0.4961389383568339,0.0,0.16646791557789098,0.04758175892183767,0.29800984385178425,0.14704718933043406
2033,4394,0.36435977886793114,0.0,0.29283630071472827,0.551854204428882,0.27003077964838407,0.11431310605998572
4394,2033,0.36435977886793114,0.0,0.29283630071472827,-0.08764454729960267,0.27003077964838407,0.07446003154304522
2033,2031,0.5129891760425771,0.0,0.04103104351748341,0.21235719907477252,0.26880390107653357,0.11379372711922464
2031,2033,0.5129891760425771,0.0,0.04103104351748341,0.27035895935852927,0.26880390107653357,0.12188410264893386
2167,2165,0.14139661399461725,0.0,-0.6360572739507548,0.4070879201011063,0.2615154891825351,-0.11750294731521549
2165,2167,0.14139661399461725,0.0,-0.6360572739507548,0.1085759172755701,0.2615154891825351,-0.09112272680650264
2072,2163,0.18298271330707402,0.0,-0.5554305727675548,0.6534592635181178,0.25812052848380346,-0.0874883406401352
2163,2072,0.18298271330707402,0.0,-0.5554305727675548,0.18461086574389762,0.25812052848380346,-0.08314883576014723
2079,820,0.0,0.0,0.8591414591742146,0.6555280651976315,0.25774243775226435,0.1000835207863115
820,2079,0.0,0.0,0.8591414591742146,-0.22699128276896366,0.25774243775226435,0.0791298981231971
2165,2064,0.1846968804201818,0.0,-0.5469048538647363,-0.33385025461365286,0.2564198963695118,-0.08934721319057985
2064,2165,0.1846968804201818,0.0,-0.5469048538647363,0.05742470585582531,0.2564198963695118,-0.07825655761369794
2072,2161,0.1662407692503704,0.0,0.5722917916762512,-0.05210442467472759,0.2548079221280606,0.08636555340984294
2161,2072,0.1662407692503704,0.0,0.5722917916762512,0.022896540024454144,0.2548079221280606,0.08827295378732421
2161,4394,0.0,0.0,0.8300645469661037,0.18431290369612008,0.24901936408983108,0.08626762713995619
4394,2161,0.0,0.0,0.8300645469661037,0.2384933615634675,0.24901936408983108,0.06866620808598936
2031,2026,0.30779350562554625,0.0,0.2986586287345707,-0.49128821806682194,0.24349434143314436,0.11040795608551084
2026,2031,0.30779350562554625,0.0,0.2986586287345707,-0.12114587140080556,0.24349434143314436,0.11083739577484489
2161,2166,0.2957556921486004,0.0,-0.31834596489704187,0.292080791567145,0.24338163554341277,-0.0843145522618786
2166,2161,0.2957556921486004,0.0,-0.31834596489704187,0.012632156563726774,0.24338163554341277,-0.07592925539402957
820,951,0.0,0.0,-0.796810785242443,-0.1849710451309416,0.23904323557273288,-0.07338902760006807
951,820,0.0,0.0,-0.796810785242443,-0.5108498860971271,0.23904323557273288,-0.07592612086843459
951,2064,0.0,0.0,0.7916458052861063,0.2277915119406101,0.23749374158583186,0.07543396275547865
2064,951,0.0,0.0,0.7916458052861063,0.328210546993673,0.23749374158583186,0.07248050145267176
4397,4394,0.4205137655875714,0.0,0.08396389254359748,0.4269925768484224,0.23544605055686496,0.08074359313720803
4394,4397,0.4205137655875714,0.0,0.08396389254359748,-0.08597548700779976,0.23544605055686496,0.06492341493061528
951,2079,0.0,0.0,-0.7660846378938587,0.07204991098735215,0.2298253913681576,-0.07299830259511628
2079,951,0.0,0.0,-0.7660846378938587,-0.03471295924173358,0.2298253913681576,-0.08924310072804494
2064,2697,0.0,0.0,-0.7647600762316032,-0.44043971927790965,0.22942802286948097,-0.07001893200989959
2697,2064,0.0,0.0,-0.7647600762316032,-0.24518157298022641,0.22942802286948097,-0.07602252002391253
2166,820,0.0,0.0,0.7634827481377335,-0.6867917591708455,0.22904482444132004,0.07145651286653273
820,2166,0.0,0.0,0.7634827481377335,-0.03640386773444936,0.22904482444132004,0.07031940018006597
2019,2026,0.3533326266687867,0.0,0.16313401624782273,-0.36632743912098586,0.22560651820874017,0.10529282391444161
2026,2019,0.3533326266687867,0.0,0.16313401624782273,-0.057271975944260894,0.22560651820874017,0.10269494888838154
4394,2072,0.0,0.0,0.7517303089726741,-0.22733020602884366,0.22551909269180223,0.062186091442079865
2072,4394,0.0,0.0,0.7517303089726741,0.26760159523524196,0.22551909269180223,0.07643828764093305
4397,2017,0.2553322789134104,0.0,0.32470914489759367,-0.3176717048309904,0.22507888292598333,0.0771882887980895
2017,4397,0.2553322789134104,0.0,0.32470914489759367,0.4046229289951238,0.22507888292598333,0.07467340175841736
49,2026,0.0,1.0,-0.07110772491064524,-0.07486175134213417,0.2213323174731936,0.12529304032279803
2026,49,0.0,1.0,-0.07110772491064524,0.11396083489605965,0.2213323174731936,0.10074935427719432
2161,2162,0.24079149004402733,0.0,-0.32124358108932805,-0.09912904740569987,0.2167688193488121,-0.07509509050230313
2162,2161,0.24079149004402733,0.0,-0.32124358108932805,-0.26696198752991224,0.2167688193488121,-0.07631715908913464
2017,2697,0.166217103306758,0.0,-0.44474002882500846,-0.15652240058439193,0.21653056030088152,-0.07183736347065534
2697,2017,0.166217103306758,0.0,-0.44474002882500846,-0.0005991553769420307,0.21653056030088152,-0.07174885896840666
2163,2161,0.3499405491145114,0.0,-0.13841337863321387,-0.260414380560063,0.21649428814721985,-0.06973969917814078
2161,2163,0.3499405491145114,0.0,-0.13841337863321387,0.016708809805515087,0.21649428814721985,-0.07499998482478362
2017,4398,0.27957624101977774,0.0,-0.2504543307921357,0.4969355902996632,0.21492441974752957,-0.07130450149239334
4398,2017,0.27957624101977774,0.0,-0.2504543307921357,0.02312241334428999,0.21492441974752957,-0.0720699894009782
2019,2163,0.0,0.0,0.7058752986175981,-0.09388254901825414,0.21176258958527944,0.0988317236306038
2163,2019,0.0,0.0,0.7058752986175981,-0.41282256600598594,0.21176258958527944,0.06821546850611969
2019,2017А,0.0,0.0,-0.662014291904358,-0.1182800160762543,0.1986042875713074,-0.09269061215931067
2017А,2019,0.0,0.0,-0.662014291904358,0.06027058158004613,0.1986042875713074,-0.0889937692426432
49,2161,0.0,0.0,-0.661007181156661,-0.09350094085075986,0.1983021543469983,-0.11225599634226645
2161,49,0.0,0.0,-0.661007181156661,-0.09618930228170065,0.1983021543469983,-0.06869769495550435
2079,4397,0.0,0.0,-0.6582846402088613,0.15403390258718977,0.1974853920626584,-0.07668521146096091
4397,2079,0.0,0.0,-0.6582846402088613,0.05922300619975949,0.1974853920626584,-0.06772540932215848
49,951,0.0,0.0,-0.653310569100521,0.09869324454381687,0.1959931707301563,-0.11094891393915239
951,49,0.0,0.0,-0.653310569100521,0.06707498288195259,0.1959931707301563,-0.06225234165104743
2697,4397,0.20401232133567793,0.0,-0.30339660635424115,-0.4411126346510187,0.1930251425741113,-0.06396018055216807
4397,2697,0.20401232133567793,0.0,-0.30339660635424115,0.26419880840933085,0.1930251425741113,-0.06619581658045859
2163,2697,0.0,0.0,-0.6397950441152438,0.38993577281645264,0.19193851323457314,-0.06182950270067261
2697,2163,0.0,0.0,-0.6397950441152438,0.12504292572083514,0.19193851323457314,-0.06360011860467614
820,2165,0.0,0.0,0.6345997858118001,0.29366389389284786,0.19037993574354004,0.05844883384926696
2165,820,0.0,0.0,0.6345997858118001,-0.6954114228697187,0.19037993574354004,0.06633618118921226
2697,2162,0.0,0.0,-0.630034511987691,-0.6195166279500861,0.1890103535963073,-0.0626298531944219
2162,2697,0.0,0.0,-0.630034511987691,0.2324831308906235,0.1890103535963073,-0.06654431789699197
820,2064,0.0,0.0,-0.6294568163509953,-0.3892299008583375,0.18883704490529857,-0.05797514858458964
2064,820,0.0,0.0,-0.6294568163509953,-0.36708234987001126,0.18883704490529857,-0.05763100794228785
2079,2017,0.0,0.0,-0.6289476450651597,0.4624041996155674,0.18868429351954788,-0.0732676720884637
2017,2079,0.0,0.0,-0.6289476450651597,-0.04849330942768363,0.18868429351954788,-0.06259893363750925
2697,4394,0.12285151171154923,0.0,0.42314373841911496,0.6044300778631543,0.1883688773815091,0.062417295731848524
4394,2697,0.12285151171154923,0.0,0.42314373841911496,-0.15562985057689885,0.1883688773815091,0.05194205108698659
2146,2165,0.344617807865867,0.0,0.04501856239317605,-0.11938334497058985,0.1858144726508863,0.0804129913851906
2165,2146,0.344617807865867,0.0,0.04501856239317605,-0.2881535902793672,0.1858144726508863,0.06474538651988894
2017,820,0.0,0.0,-0.575322837154777,-0.5493981487733327,0.17259685114643308,-0.0572616757305201
820,2017,0.0,0.0,-0.575322837154777,0.08852935132707382,0.17259685114643308,-0.0529892219795375
2074,2079,0.0,0.0,-0.5660430907929078,0.33736090845476774,0.16981292723787234,-0.05797002759673305
2079,2074,0.0,0.0,-0.5660430907929078,0.026082043194348942,0.16981292723787234,-0.06593976444551063
2033,2163,0.0,0.0,-0.5658218030721271,-0.16725146140350228,0.16974654092163813,-0.07185941677077644
2163,2033,0.0,0.0,-0.5658218030721271,0.04759278388643072,0.16974654092163813,-0.05468076225805511
2162,4394,0.0,0.0,-0.5652836013397126,0.223058365968297,0.16958508040191375,-0.05970531923851374
4394,2162,0.0,0.0,-0.5652836013397126,0.2890693154245511,0.16958508040191375,-0.04676248556701126
2064,2017,0.0,0.0,0.557944054413548,0.21295260010406147,0.1673832163240644,0.05108353328773771
2017,2064,0.0,0.0,0.557944054413548,0.022788879443419435,0.1673832163240644,0.05553197171452657
4394,2019,0.26069890038272536,0.0,0.11565334761783386,0.13432398555525163,0.16504545447671284,0.04551069978901871
2019,4394,0.26069890038272536,0.0,0.11565334761783386,-0.2657729413092274,0.16504545447671284,0.07702836830280142
2064,2162,0.0,0.0,0.5467529951285832,0.42990411566852055,0.16402589853857497,0.05005891649150815
2162,2064,0.0,0.0,0.5467529951285832,0.23315882624417103,0.16402589853857497,0.057748114471036734
951,4397,0.0,0.0,0.5450240297848913,0.3310900836283261,0.16350720893546739,0.05193398624625534
4397,951,0.0,0.0,0.5450240297848913,0.29687039183791586,0.16350720893546739,0.0560729709505034
2064,2079,0.0,0.0,-0.5361861526310417,-0.48527413423135995,0.16085584578931253,-0.04909145094330581
2079,2064,0.0,0.0,-0.5361861526310417,0.1513745327230612,0.16085584578931253,-0.062461655620439024
2162,2072,0.0,0.0,-0.5361337099471617,0.17123525444452908,0.1608401129841485,-0.05662650434412175
2072,2162,0.0,0.0,-0.5361337099471617,-0.25037322841244936,0.1608401129841485,-0.05451575152124324
2079,2072,0.0,0.0,-0.5332425263119073,0.5735847045844974,0.15997275789357218,-0.06211874528506608
2072,2079,0.0,0.0,-0.5332425263119073,-0.16126818758105518,0.15997275789357218,-0.05422176693169496
2064,2166,0.07815586368332775,0.0,-0.4020179773453158,0.04494884807266368,0.15968332504525862,-0.04873361039169711
2166,2064,0.07815586368332775,0.0,-0.4020179773453158,-0.24551113447481396,0.15968332504525862,-0.04981738224602641
820,2072,0.0,0.0,-0.5306846260590179,0.1838584867565895,0.15920538781770535,-0.04887788843988472
2072,820,0.0,0.0,-0.5306846260590179,0.17283898470028186,0.15920538781770535,-0.05396167163827201
4398,2146,0.0,0.0,-0.5246463732693665,0.44657379138642084,0.15739391198080993,-0.05277844919418866
2146,4398,0.0,0.0,-0.5246463732693665,0.7145917679825429,0.15739391198080993,-0.06811372175499887
2165,2017,0.0,0.0,-0.5178548594989286,-0.854914732654395,0.15535645784967858,-0.05413256442482117
2017,2165,0.0,0.0,-0.5178548594989286,0.15316664788562273,0.15535645784967858,-0.051541908516529476
2026,2697,0.0,0.0,-0.5071990211712414,-0.33251098543084867,0.1521597063513724,-0.06926233067507165
2697,2026,0.0,0.0,-0.5071990211712414,0.19226675298754553,0.1521597063513724,-0.05041914312930517
2015,4398,0.10878528495803286,0.0,-0.3216950867828066,0.4346074101912747,0.15090116851385843,-0.07499025746425261
4398,2015,0.10878528495803286,0.0,-0.3216950867828066,-0.06862763897354968,0.15090116851385843,-0.050601256144668545
2163,2167,0.0,0.0,-0.49496597661775277,0.590507769427612,0.14848979298532583,-0.04783328734649578
2167,2163,0.0,0.0,-0.49496597661775277,0.04302035412432676,0.14848979298532583,-0.06671875679923296
2072,2697,0.0,0.0,0.49137700395788153,-0.3106118328219561,0.14741310118736445,0.04996474975181262
2697,2072,0.0,0.0,0.49137700395788153,0.05543228988005068,0.14741310118736445,0.04884632355123782
4397,820,0.0,0.0,-0.4857234689111715,-0.2257617973883738,0.14571704067335145,-0.049972031458839127
820,4397,0.0,0.0,-0.4857234689111715,0.6772206756425662,0.14571704067335145,-0.04473681045253002
2031,820,0.0,0.0,0.47551867202704884,0.14775471031903634,0.14265560160811463,0.06468451506921516
820,2031,0.0,0.0,0.47551867202704884,-0.010687515443325073,0.14265560160811463,0.043796913385305836
2019,2167,0.0,0.0,-0.47327712920646364,0.07847159030285554,0.14198313876193908,-0.06626495434253554
2167,2019,0.0,0.0,-0.47327712920646364,0.3315605634771126,0.14198313876193908,-0.06379521658829237
2064,2161,0.1938680904959647,0.0,0.1486596340282292,-0.2982172015049916,0.14153193545645112,0.04319400412386585
2161,2064,0.1938680904959647,0.0,0.1486596340282292,0.2581946088476372,0.14153193545645112,0.049030822486354826
2064,2074,0.0,0.0,0.4712201140683357,0.19900475556954766,0.1413660342205007,0.04314337287483582
2074,2064,0.0,0.0,0.4712201140683357,0.1392973985466546,0.1413660342205007,0.048258946113823635
2017А,2163,0.0,0.0,-0.46166752360639024,-0.2799530614563664,0.13850025708191707,-0.06206139892306931
2163,2017А,0.0,0.0,-0.46166752360639024,-0.18624100886575626,0.13850025708191707,-0.044615339959545704
2163,2064,0.0,0.0,0.4582091555834973,0.10773073640732216,0.13746274667504918,0.04428112484334848
2064,2163,0.0,0.0,0.4582091555834973,0.1110228479488429,0.13746274667504918,0.04195213205847078
2161,2146,0.0,0.0,-0.45652971873890535,-0.07583417333006076,0.1369589156216716,-0.047446594000942456
2146,2161,0.0,0.0,-0.45652971873890535,0.12513054312448613,0.1369589156216716,-0.05927028150655731
2697,2074,0.0,0.0,-0.44140939806125906,0.11143085357410618,0.13242281941837772,-0.04387919276357816
2074,2697,0.0,0.0,-0.44140939806125906,0.17222420903282254,0.13242281941837772,-0.04520594881075991
4398,2072,0.0,0.0,-0.4404221062307995,0.2853732270393822,0.13212663186923984,-0.044305644605619636
2072,4398,0.0,0.0,-0.4404221062307995,0.27941334423303715,0.13212663186923984,-0.044783496471630456
2031,2079,0.0,0.0,0.4393871256283222,0.6034055894833321,0.13181613768849665,0.05976956283918047
2079,2031,0.0,0.0,0.4393871256283222,0.7340322252495706,0.13181613768849665,0.051185296730212416
951,2697,0.0,0.0,-0.4390790858691887,0.2028003773628755,0.1317237257607566,-0.041838755651835556
2697,951,0.0,0.0,-0.4390790858691887,0.009042382970911794,0.1317237257607566,-0.04364754337341049
2015,49,0.0,0.0,-0.43796903901903744,0.3265442662279738,0.13139071170571123,-0.06529454606786425
49,2015,0.0,0.0,-0.43796903901903744,-0.07150623483568296,0.13139071170571123,-0.07437839140584893
951,2161,0.0,0.0,0.4339798402884264,0.12032306682545035,0.13019395208652793,0.04135286120427862
2161,951,0.0,0.0,0.4339798402884264,0.019441271329716407,0.13019395208652793,0.045103011789983764
4394,820,0.0,0.0,-0.4330861921248157,0.024430318717195917,0.1299258576374447,-0.03582659528865019
820,4394,0.0,0.0,-0.4330861921248157,-0.17900165720140873,0.1299258576374447,-0.03988873531297112
820,2074,0.0,0.0,-0.4325183014794044,-0.03582710885810773,0.12975549044382131,-0.03983643062154149
2074,820,0.0,0.0,-0.4325183014794044,-0.6766677215496013,0.12975549044382131,-0.04429538718992404
2017А,2165,0.0,0.0,0.4302491828593322,0.16301652450481527,0.12907475485779965,0.057837869913767555
2165,2017А,0.0,0.0,0.4302491828593322,-0.1610228238815046,0.12907475485779965,0.044974940724501686
2031,2167,0.0,0.0,-0.4300823224396988,-0.07609881719962625,0.12902469673190964,-0.058503836133844384
2167,2031,0.0,0.0,-0.4300823224396988,0.7948270075866463,0.12902469673190964,-0.057972788494639285
4398,2162,0.0,0.0,0.42945141671535875,-0.20864350056148193,0.12883542501460762,0.04320201364824213
2162,4398,0.0,0.0,0.42945141671535875,-0.7608338481079849,0.12883542501460762,0.04535870821593774
2074,4397,0.0,0.0,0.4265761141883437,0.01340799133163719,0.1279728342565031,0.043686831468900726
4397,2074,0.0,0.0,0.4265761141883437,-0.002852764219426973,0.1279728342565031,0.04388685406862163
2072,2166,0.0,0.0,-0.41880619022266635,0.27856789372453167,0.1256418570667999,-0.04258552256299563
2166,2072,0.0,0.0,-0.41880619022266635,-0.34010655221570363,0.1256418570667999,-0.039197257558504436
2017,951,0.0,0.0,0.418744719713498,0.2877066663601967,0.1256234159140494,0.041677511834370545
951,2017,0.0,0.0,0.418744719713498,-0.2989819829382405,0.1256234159140494,0.039901144400689884
4397,2162,0.0,0.0,0.4185081104037706,-0.28642138862516003,0.12555243312113118,0.04305680453480664
2162,4397,0.0,0.0,0.4185081104037706,-0.36595393105108664,0.12555243312113118,0.044202874939844594
2072,2033,0.0,0.0,0.41683625172159766,0.08741037831599341,0.12505087551647928,0.04238521305840026
2033,2072,0.0,0.0,0.41683625172159766,0.5449126567833217,0.12505087551647928,0.05293823916822851
2161,820,0.0,0.0,-0.41291329950561917,0.3230931858050939,0.12387398985168574,-0.04291359110936034
820,2161,0.0,0.0,-0.41291329950561917,0.00154577633150228,0.12387398985168574,-0.038030742172538205
2017А,2033,0.0,0.0,0.41235267692956595,0.05140482779657232,0.12370580307886977,0.05543206457324885
2033,2017А,0.0,0.0,0.41235267692956595,-0.051796923529898814,0.12370580307886977,0.05236882479102665
2074,2031,0.0,0.0,-0.4115825545043639,-0.5689227036954905,0.12347476635130916,-0.04215129984102406
2031,2074,0.0,0.0,-0.4115825545043639,-0.6156788388071036,0.12347476635130916,-0.055987323979465535
2166,2026,0.0,0.0,0.4115710945246887,-0.5413956398217444,0.12347132835740661,0.03852010445963721
2026,2166,0.0,0.0,0.4115710945246887,-0.17941617952089686,0.12347132835740661,0.05620352574703765
2017,2166,0.0,0.0,-0.4029149207452008,-0.33065829444383565,0.12087447622356023,-0.04010197761799091
2166,2017,0.0,0.0,-0.4029149207452008,-0.2577152653826095,0.12087447622356023,-0.0377099486380975
2166,2079,0.0,0.0,0.40201671353763024,0.03823051538199633,0.12060501406128907,0.03762588288148266
2079,2166,0.0,0.0,0.40201671353763024,0.696546324323749,0.12060501406128907,0.046831924680321185
2017А,2697,0.13245323570650439,0.0,0.17635866420941293,0.42017989258817984,0.11913421711607608,0.053383555594812546
2697,2017А,0.13245323570650439,0.0,0.17635866420941293,-0.3077939719465305,0.11913421711607608,0.039475924923924384
4397,2146,0.0,0.0,-0.395583791237386,0.2553134876670029,0.1186751373712158,-0.0406983127758578
2146,4397,0.0,0.0,-0.395583791237386,0.37878966192778046,0.1186751373712158,-0.051357801482974905
2163,2146,0.0,0.0,-0.3933046953171278,0.054774617151895494,0.11799140859513833,-0.038008787259248125
2146,2163,0.0,0.0,-0.3933046953171278,0.21631483005783292,0.11799140859513833,-0.051061911311471295
2017,2077,0.0,0.0,0.3914202006056671,0.5161996981045275,0.11742606018170013,0.03895791224332548
2077,2017,0.0,0.0,0.3914202006056671,0.059670364299649774,0.11742606018170013,0.057941616561006166
2072,2017,0.0,0.0,0.38970371631763795,-0.01056089355350248,0.11691111489529138,0.03962629204526461
2017,2072,0.0,0.0,0.38970371631763795,-0.06013294067122813,0.11691111489529138,0.03878707117749236
49,2064,0.0,0.0,-0.38633702390066194,-0.13765002774741536,0.11590110717019858,-0.06560994914758164
2064,49,0.0,0.0,-0.38633702390066194,0.04541143134622342,0.11590110717019858,-0.03537175468508007
2015,2033,0.0,0.0,0.3821642107994887,-0.3131139607403977,0.1146492632398466,0.05697489193169095
2033,2015,0.0,0.0,0.3821642107994887,0.21416608718552302,0.1146492632398466,0.0485348870432528
2165,951,0.0,0.0,-0.38211813431000424,-0.1727273925532641,0.11463544029300127,-0.03994369106325161
951,2165,0.0,0.0,-0.38211813431000424,-0.1663153238872817,0.11463544029300127,-0.03641108803869226
2166,951,0.0,0.0,-0.3786551887832498,-0.02406957714641715,0.11359655663497492,-0.03543941161115598
951,2166,0.0,0.0,-0.3786551887832498,-0.46330707524145964,0.11359655663497492,-0.036081112559576266
2064,4397,0.0,0.0,0.37864366377659564,0.5892346713014628,0.11359309913297869,0.03466737578744063
4397,2064,0.0,0.0,0.37864366377659564,-0.08064502433848847,0.11359309913297869,0.03895548452774988
2079,4394,0.0,0.0,-0.3764125243663714,0.06273194498779375,0.11292375730991142,-0.043849229139587526
4394,2079,0.0,0.0,-0.3764125243663714,0.2527378905986422,0.11292375730991142,-0.03113832631303705
2033,49,0.0,0.0,-0.3740634231967876,-0.08717080225433381,0.11221902695903628,-0.0475060863336417
49,2033,0.0,0.0,-0.3740634231967876,-0.16493449238187222,0.11221902695903628,-0.06352557651896716
2015,4397,0.09935177116361013,0.0,0.19914473577205288,0.7376383611993298,0.10941930631342092,0.054375867548366874
4397,2015,0.09935177116361013,0.0,0.19914473577205288,0.14333835804644138,0.10941930631342092,0.03752412890099674
2166,4394,0.0,0.0,-0.3641942683110744,-0.17490573611110818,0.10925828049332231,-0.034085973105436804
4394,2166,0.0,0.0,-0.3641942683110744,-0.2928180035004701,0.10925828049332231,-0.030127584057139705
4394,49,0.0,0.0,-0.3543780976877055,0.030882487583423195,0.10631342930631164,-0.029315551767487718
49,4394,0.0,0.0,-0.3543780976877055,-0.11334233350919173,0.10631342930631164,-0.060182502659350316
2033,2161,0.0,0.0,0.352357117613466,0.49999310856603146,0.1057071352840398,0.04474938369157878
2161,2033,0.0,0.0,0.352357117613466,0.07479258240554239,0.1057071352840398,0.03662005870927705
2166,2017А,0.0,0.0,0.351665844631172,0.4503527438355746,0.1054997533893516,0.0329134024480592
2017А,2166,0.0,0.0,0.351665844631172,0.21424964661367882,0.1054997533893516,0.0472740081450494
2162,2074,0.0,0.0,0.3505097213853011,0.07121589109368148,0.10515291641559034,0.037020877240936376
2074,2162,0.0,0.0,0.3505097213853011,0.3907374447872795,0.10515291641559034,0.035896663261389475
2165,2079,0.0,0.0,0.35026549738104573,0.41527024463773055,0.10507964921431372,0.0366140613629034
2079,2165,0.0,0.0,0.35026549738104573,-0.07822267627171507,0.10507964921431372,0.04080329707468476
2163,4398,0.0,0.0,0.3491313859764491,-0.4294921009109872,0.10473941579293473,0.03373989869204445
4398,2163,0.0,0.0,0.3491313859764491,-0.5437294039038603,0.10473941579293473,0.035121967968687384
2162,2033,0.0,0.0,-0.34711870395663014,-0.02137374597395313,0.10413561118698904,-0.036662717588609055
2033,2162,0.0,0.0,-0.34711870395663014,-0.10239652922746324,0.10413561118698904,-0.04408410471480469
2026,2017,0.0,0.0,0.3462066103341317,0.13502813355437326,0.1038619831002395,0.04727745071645643
2017,2026,0.0,0.0,0.3462066103341317,-0.08356733837261653,0.1038619831002395,0.034457819812534755
2697,2077,0.0,0.0,-0.3455606162967126,4.355060362211907e-19,0.10366818488901378,-0.03435115101894591
2077,2697,0.0,0.0,-0.3455606162967126,0.12219267436706238,0.10366818488901378,-0.05115305928786346
2697,2033,0.0,0.0,0.34218825837004424,-0.02440627963444579,0.10265647751101327,0.03401591496782874
2033,2697,0.0,0.0,0.34218825837004424,0.1263668899194418,0.10265647751101327,0.043457937708958595
2146,2162,0.0,0.0,-0.33925757113727145,0.3735791246607737,0.10177727134118143,-0.044045088236713256
2162,2146,0.0,0.0,-0.33925757113727145,0.6936949224394788,0.10177727134118143,-0.03583242383261859
2077,2146,0.0,0.0,0.3385375775229691,0.2504266540767563,0.10156127325689072,0.05011344452324052
2146,2077,0.0,0.0,0.3385375775229691,-0.29727850677366074,0.10156127325689072,0.04395161299851736
2074,2163,0.0,0.0,0.3378908599978852,0.2018940809176915,0.10136725799936556,0.034604331008304026
2163,2074,0.0,0.0,0.3378908599978852,-0.36900606515190815,0.10136725799936556,0.03265361936284193
2163,951,0.0,0.0,0.33762796227476105,-0.5858716376875964,0.10128838868242832,0.032628213046191915
951,2163,0.0,0.0,0.33762796227476105,0.051044242695702034,0.10128838868242832,0.03217173003555288
2015,2031,0.0,0.0,-0.33720178335875606,-0.08951186192276599,0.10116053500762681,-0.050271675429384016
2031,2015,0.0,0.0,-0.33720178335875606,0.29685080105763284,0.10116053500762681,-0.045869353024679906
4398,2165,0.0,0.0,0.33331701333980596,-0.13806857309527792,0.09999510400194178,0.0335310714996242
2165,4398,0.0,0.0,0.33331701333980596,0.14365387310787572,0.09999510400194178,0.03484239718434727
2165,2072,0.0,0.0,-0.3331599664305827,-0.021431476384563747,0.09994798992917481,-0.03482598070823373
2072,2165,0.0,0.0,-0.3331599664305827,0.760979574430899,0.09994798992917481,-0.03387674680733166
951,2019,0.0,0.0,0.3318572382398477,0.05281312907609595,0.09955717147195431,0.031621852073697866
2019,951,0.0,0.0,0.3318572382398477,-0.703476868876351,0.09955717147195431,0.046464330057686465
2019,2015,0.08783837043777126,0.0,0.18306589567794115,-0.5874337453037733,0.09883895392226798,0.04612913072660413
2015,2019,0.08783837043777126,0.0,0.18306589567794115,0.21653467644245536,0.09883895392226798,0.04911796691254633
2015,951,0.0,0.0,0.32823870333635446,-0.10501247326523318,0.09847161100090633,0.048935416038209986
951,2015,0.0,0.0,0.32823870333635446,-0.14775321237927355,0.09847161100090633,0.0312770508692743
4397,2026,0.0,0.0,0.32801475878399033,-0.5121833347968784,0.09840442763519709,0.033746699293039015
2026,4397,0.0,0.0,0.32801475878399033,0.2431939665464521,0.09840442763519709,0.04479319900250783
2697,2019,0.0,0.0,-0.32594291975030226,0.47276941231769903,0.09778287592509068,-0.03240101427034443
2019,2697,0.0,0.0,-0.32594291975030226,0.05246420072774053,0.09778287592509068,-0.04563624853738554
4398,2167,0.0,0.0,-0.31774484377708645,0.5149839204505289,0.09532345313312593,-0.03196454020924718
2167,4398,0.0,0.0,-0.31774484377708645,0.1287427572551566,0.09532345313312593,-0.04283029936933516
2064,2017А,0.0,0.0,-0.3142041425385746,-0.08605985273424464,0.09426124276157237,-0.028767503923641805
2017А,2064,0.0,0.0,-0.3142041425385746,-0.08629033369147517,0.09426124276157237,-0.04223807748277466
4394,951,0.0,0.0,0.3128413731272068,-0.33917391857659884,0.09385241193816203,0.02587947034188492
951,4394,0.0,0.0,0.3128413731272068,-0.01063413843458041,0.09385241193816203,0.029809877512483908
4394,2017,0.1163941277572348,0.0,0.11487885454855802,-0.08563440101266905,0.09266072024318481,0.025550865575742588
2017,4394,0.1163941277572348,0.0,0.11487885454855802,-0.34443700921230525,0.09266072024318481,0.03074162755738862
2146,820,0.0,0.0,0.30728018054174416,-0.17889824722901362,0.09218405416252325,0.03989353169034526
820,2146,0.0,0.0,0.30728018054174416,-0.5720791699388642,0.09218405416252325,0.028301566781466756
2146,4394,0.0,0.0,-0.3052764182542438,-0.10183789719203581,0.09158292547627313,-0.039633387498242204
4394,2146,0.0,0.0,-0.3052764182542438,-0.44045436715777614,0.09158292547627313,-0.025253667484304004
2064,2019,0.0,0.0,0.3051569257223112,0.16504715431220432,0.09154707771669335,0.027939170334029942
2019,2064,0.0,0.0,0.3051569257223112,-0.08834967520761627,0.09154707771669335,0.04272593899519727
2019,2033,0.0,0.0,-0.30380896089201137,-0.09240970041097497,0.09114268826760341,-0.04253720638501404
2033,2019,0.0,0.0,-0.30380896089201137,-0.03959675740972369,0.09114268826760341,-0.038583763688322614
2072,2031,0.0,0.0,-0.301457699216096,0.11428548941626274,0.09043730976482879,-0.03065316117923276
2031,2072,0.0,0.0,-0.301457699216096,-0.49862713358581356,0.09043730976482879,-0.04100710704913245
2026,2077,0.0,0.0,0.2975316442963624,-0.11438355226549692,0.08925949328890873,0.040630471024893464
2077,2026,0.0,0.0,0.2975316442963624,-0.14310910144954642,0.08925949328890873,0.04404336930467536
2167,2072,0.0,0.0,0.2966004030723874,0.023165354223066245,0.08898012092171621,0.03998014226020909
2072,2167,0.0,0.0,0.2966004030723874,-0.6788103783540166,0.08898012092171621,0.03015925612397778
2017А,4398,0.0,0.0,0.2922768426942649,-0.25275454459777325,0.08768305280827947,0.0392904174604429
4398,2017А,0.0,0.0,0.2922768426942649,0.10925555610376339,0.08768305280827947,0.029402506676353374
2033,2017,0.0,0.0,0.2921358727305709,-0.08340783240744101,0.08764076181917127,0.03710128050608999
2017,2033,0.0,0.0,0.2921358727305709,-0.153709037034949,0.08764076181917127,0.029076178683048036
2017А,820,0.0,0.0,0.29153892718881713,-0.23571691002972026,0.08746167815664514,0.039191220384163054
820,2017А,0.0,0.0,0.29153892718881713,0.5309263396627634,0.08746167815664514,0.02685174293598991
2166,2031,0.0,0.0,0.2870867964842412,-0.4656674299634348,0.08612603894527235,0.026869266420001734
2031,2166,0.0,0.0,0.2870867964842412,-0.39277786669514597,0.08612603894527235,0.03905224191133611
2165,2031,0.0,0.0,0.2863291354445104,-0.8474487820748031,0.08589874063335311,0.029930645791661964
2031,2165,0.0,0.0,0.2863291354445104,0.028579869666546423,0.08589874063335311,0.03894917774198833
2074,2019,0.0,0.0,0.28620900469572813,-0.28630014030653894,0.08586270140871843,0.02931145025973832
2019,2074,0.0,0.0,0.28620900469572813,-0.22382927030298624,0.08586270140871843,0.04007298358233438
2079,2697,0.0,0.0,0.2837357220793516,-0.1659618228885921,0.08512071662380548,0.03305307843698131
2697,2079,0.0,0.0,0.2837357220793516,0.04474366632169255,0.08512071662380548,0.028205322536664877
2064,2026,0.0,0.0,0.2830133382431576,0.36662668170861434,0.08490400147294729,0.025911775868306598
2026,2064,0.0,0.0,0.2830133382431576,-0.023349100377332534,0.08490400147294729,0.03864787312402042
2146,2015,0.0,0.0,0.2810933355269979,0.007004139856150705,0.08432800065809937,0.03649374934960293
2015,2146,0.0,0.0,0.2810933355269979,-0.5213879595509335,0.08432800065809937,0.04190675621054434
2146,2166,0.0,0.0,0.28105792744803565,-0.03618734639043026,0.0843173782344107,0.036489152394089286
2166,2146,0.0,0.0,0.28105792744803565,-0.7466592885024352,0.0843173782344107,0.026305007490894223
4397,2072,0.0,0.0,0.2772697939764623,-0.1944151676412471,0.08318093819293869,0.028525973633181673
2072,4397,0.0,0.0,0.2772697939764623,-0.22348707778624827,0.08318093819293869,0.02819365936578924
2033,2146,0.0,0.0,0.27683032566721144,-0.41031787011785725,0.08304909770016343,0.035157474736571985
2146,2033,0.0,0.0,0.27683032566721144,0.31542950863264313,0.08304909770016343,0.035940291854759575
4398,2033,0.0,0.0,-0.27453851707170845,0.06619309559383382,0.08236155512151254,-0.0276180641158796
2033,4398,0.0,0.0,-0.27453851707170845,0.2047131809466267,0.08236155512151254,-0.03486641485141216
49,2074,0.0,0.0,-0.26975208940132306,-0.05876471972098732,0.08092562682039692,-0.04581083295973585
2074,49,0.0,0.0,-0.26975208940132306,0.12813181852672303,0.08092562682039692,-0.027626052364610947
951,2162,0.0,0.0,0.26958584234772137,0.5074866795913358,0.0808757527043164,0.025688165408408632
2162,951,0.0,0.0,0.26958584234772137,0.14308818120930178,0.0808757527043164,0.02847368779389281
2017А,49,0.0,0.0,-0.2672812599623792,-0.34100795816509166,0.08018437798871376,-0.03593029193304991
49,2017А,0.0,0.0,-0.2672812599623792,-0.002118643252262123,0.08018437798871376,-0.045391222661440606
2015,2017,0.08272369705776363,0.0,0.12923306645222588,-0.28213604218621796,0.08013176846454957,0.039821440797329466
2017,2015,0.08272369705776363,0.0,0.12923306645222588,-0.0610330435879822,0.08013176846454957,0.026584953960934302
2019,2072,0.0,0.0,-0.2622567070837268,-0.1391455337022368,0.07867701212511803,-0.0367193503520126
2072,2019,0.0,0.0,-0.2622567070837268,0.4200196853995156,0.07867701212511803,-0.026667081761310933
49,2019,0.0,0.0,-0.2613849688886653,0.018012821380438557,0.07841549066659959,-0.04438988099969715
2019,49,0.0,0.0,-0.2613849688886653,0.758684467643982,0.07841549066659959,-0.0365972956653827
2162,2019,0.0,0.0,0.25882795152955174,-0.08138194106115311,0.07764838545886552,0.027337438123621736
2019,2162,0.0,0.0,0.25882795152955174,0.2712356316049417,0.07764838545886552,0.036239279974155804
2077,2064,0.0,0.0,0.25578728936961265,0.10156528558601571,0.07673618681088379,0.03786398611747747
2064,2077,0.0,0.0,0.25578728936961265,0.015951605630819127,0.07673618681088379,0.023419047855661717
2077,2165,0.0,0.0,-0.2553800769848955,0.033402554979473,0.07661402309546865,-0.03780370679664102
2165,2077,0.0,0.0,-0.2553800769848955,-0.13626268764461447,0.07661402309546865,-0.02669546923548614
2077,2166,0.0,0.0,-0.25151944862493203,-0.07323943764953451,0.0754558345874796,-0.03723222109464757
2166,2077,0.0,0.0,-0.25151944862493203,-0.17261303274241105,0.0754558345874796,-0.02354041759383458
4394,2015,0.0452898583560852,0.0,0.173791286479641,-0.3371449201220785,0.0747823151219349,0.020620958655498
2015,4394,0.0452898583560852,0.0,0.173791286479641,0.016881814826803947,0.0747823151219349,0.03716303273192843
2017А,2015,0.0,0.0,0.24661693268153773,0.40010675091216213,0.07398507980446131,0.03315241176327957
2015,2017А,0.0,0.0,0.24661693268153773,-0.19059633912468726,0.07398507980446131,0.03676684705420488
2165,2161,0.0,0.0,-0.24556016396787933,0.13442334494334268,0.0736680491903638,-0.02566897104919101
2161,2165,0.0,0.0,-0.24556016396787933,0.4650013386367132,0.0736680491903638,-0.025520777562461752
2079,2017А,0.0,0.0,0.24210438665901934,-0.005534623951739716,0.0726313159977058,0.028203340853711175
2017А,2079,0.0,0.0,0.24210438665901934,-0.35253445215181684,0.0726313159977058,0.03254579573650227
4398,2166,0.0,0.0,0.23804285099170316,-0.2215672267085841,0.07141285529751094,0.02394666799813176
2166,4398,0.0,0.0,0.23804285099170316,0.8106876585381287,0.07141285529751094,0.02227910465058235
2031,951,0.0,0.0,-0.23698627116557064,0.057652344783568586,0.0710958813496712,-0.03223709799461774
951,2031,0.0,0.0,-0.23698627116557064,-0.17312438832743493,0.0710958813496712,-0.022581833230585508
49,4397,0.0,0.0,-0.2348696681933189,-0.5694861392855247,0.07046090045799566,-0.039886901935744346
4397,49,0.0,0.0,-0.2348696681933189,-0.008844415569878266,0.07046090045799566,-0.024163778773123416
2079,2161,0.0,0.0,-0.23478670923606204,0.11029298021706992,0.07043601277081861,-0.027350886449785644
2161,2079,0.0,0.0,-0.23478670923606204,-0.18223525145549757,0.07043601277081861,-0.024401105147574764
2015,2079,0.0,0.0,-0.2314695393551279,-0.5460247761381861,0.06944086180653837,-0.034508600275906166
2079,2015,0.0,0.0,-0.2314695393551279,0.4305066342547765,0.06944086180653837,-0.026964461097842667
2026,2079,0.0,0.0,-0.23084869535513078,-0.14666557892740462,0.06925460860653923,-0.03152434844348343
2079,2026,0.0,0.0,-0.23084869535513078,0.8575280036370475,0.06925460860653923,-0.02689213743947971
2079,2019,0.0,0.0,-0.23001445749965715,0.0708710436079568,0.06900433724989714,-0.02679495500129395
2019,2079,0.0,0.0,-0.23001445749965715,0.12000006564495289,0.06900433724989714,-0.032205016012275337
2074,2033,0.0,0.0,-0.22777540149497003,-0.09315661477321309,0.068332620448491,-0.023327104464828146
2033,2074,0.0,0.0,-0.22777540149497003,-0.11154968792518985,0.068332620448491,-0.0289274952242721
4398,2074,0.0,0.0,0.2277517052245541,-0.3711415299926684,0.06832551156736623,0.02291139787773278
2074,4398,0.0,0.0,0.2277517052245541,0.3242525127775402,0.06832551156736623,0.023324677664691738
2167,820,0.0,0.0,-0.22661279639688925,0.41118086693858263,0.06798383891906677,-0.030546188555651662
820,2167,0.0,0.0,-0.22661279639688925,-0.29297415696454854,0.06798383891906677,-0.020871821864509133
2017А,4397,0.0,0.0,0.22613476122621412,0.34609015355109035,0.06784042836786423,0.030399018577703663
4397,2017А,0.0,0.0,0.22613476122621412,-0.16947012845905382,0.06784042836786423,0.023265117140139777
2033,2165,0.0,0.0,-0.22519429583752343,-0.12445765443938532,0.06755828875125702,-0.028599694587815853
2165,2033,0.0,0.0,-0.22519429583752343,-0.15411607298003496,0.06755828875125702,-0.023540079819512044
951,2072,0.0,0.0,0.22244274069331346,-0.1599112249150625,0.06673282220799404,0.02119601633033562
2072,951,0.0,0.0,0.22244274069331346,0.3887668412471437,0.06673282220799404,0.022618673204742437
2017,2167,0.0,0.0,0.22188997537363594,-0.21131395090192365,0.06656699261209079,0.022084629702053774
2167,2017,0.0,0.0,0.22188997537363594,0.5258052524806122,0.06656699261209079,0.02990957763259405
820,2077,0.0,0.0,-0.22053540130990676,2.3807061556388486e-18,0.06616062039297202,-0.02031207276969816
2077,820,0.0,0.0,-0.22053540130990676,3.0532289516709753e-18,0.06616062039297202,-0.032645677563533565
2697,2161,0.0,0.0,0.21562356047578385,0.4883380034460275,0.06468706814273516,0.02143449554096924
2161,2697,0.0,0.0,0.21562356047578385,-0.37389261331958684,0.06468706814273516,0.02240950174983719
49,820,0.0,0.0,0.21506729617236728,0.13615789678755313,0.06452018885171018,0.036523950572247284
820,49,0.0,0.0,0.21506729617236728,0.1248265859067256,0.06452018885171018,0.01980844138532018
2697,2146,0.0,0.0,0.21470925558071713,0.00671824727735144,0.06441277667421513,0.02134360721618158
2146,2697,0.0,0.0,0.21470925558071713,-0.0883705068739935,0.06441277667421513,0.02787524557105677
2162,2166,0.0,0.0,-0.2121426158825748,0.3097933367363168,0.06364278476477243,-0.02240652758251649
2166,2162,0.0,0.0,-0.2121426158825748,0.6841840971669226,0.06364278476477243,-0.019855028287578826
2697,2031,0.05765500605317538,0.0,-0.11473194706785782,0.2796305762712649,0.06324708714694503,-0.020957348143204383
2031,2697,0.05765500605317538,0.0,-0.11473194706785782,-0.1808723965382029,0.06324708714694503,-0.028678209025952597
4398,2019,0.11315824525493608,0.0,0.01460755216503924,-0.6750657417849741,0.06096138827697981,0.020442007530609384
2019,4398,0.11315824525493608,0.0,0.01460755216503924,0.11524270947204368,0.06096138827697981,0.028451291090308892
2033,951,0.0,0.0,0.20320325965638655,0.047876162794540114,0.060960977896915965,0.025806831135786423
951,2033,0.0,0.0,0.20320325965638655,0.15707095138783303,0.060960977896915965,0.019362733963040352
2077,2033,0.0,0.0,-0.20299836225716383,0.8208263103806333,0.06089950867714915,-0.030049683818609025
2033,2077,0.0,0.0,-0.20299836225716383,-0.12298018002981473,0.06089950867714915,-0.02578080914878265
2161,2077,0.0,0.0,-0.2029599938849148,-0.2529300378371722,0.06088799816547444,-0.021093392243755962
2077,2161,0.0,0.0,-0.2029599938849148,-0.48303414069109557,0.06088799816547444,-0.030044004179414413
2031,2019,0.10875348781426822,0.0,-0.015831282495443043,-0.14966360977044274,0.059126128655767024,0.026809637454858738
2019,2031,0.10875348781426822,0.0,-0.015831282495443043,-0.2644404516920634,0.059126128655767024,0.027594757025300853
2077,2163,0.0,0.0,0.19560961397884502,-0.26909978074257807,0.0586828841936535,0.028955933371019208
2163,2077,0.0,0.0,0.19560961397884502,-0.34954339134243767,0.0586828841936535,0.01890362432004709
4398,820,0.0,0.0,0.1949257004212559,0.014186013279036465,0.058477710126376765,0.019609162858051137
820,4398,0.0,0.0,0.1949257004212559,0.6987308246825961,0.058477710126376765,0.017953330794619568
820,2697,0.0,0.0,0.19459254976544232,-0.2095882348690074,0.058377764929632696,0.017922646467640933
2697,820,0.0,0.0,0.19459254976544232,0.6142357648665246,0.058377764929632696,0.019343865443320337
2166,2033,0.0,0.0,-0.19328440022256313,-0.08889387125225003,0.05798532006676894,-0.018090034470447578
2033,2166,0.0,0.0,-0.19328440022256313,0.16044506122347538,0.05798532006676894,-0.02454713515009637
2074,4394,0.0,0.0,-0.1921735698646679,-0.0732817386479065,0.05765207095940037,-0.01968102310517079
4394,2074,0.0,0.0,-0.1921735698646679,-0.29439227737767304,0.05765207095940037,-0.015897354471029544
2167,4397,0.0,0.0,-0.19200080100644337,0.23584672558154546,0.05760024030193301,-0.0258806773652235
4397,2167,0.0,0.0,-0.19200080100644337,-0.29251369149199424,0.05760024030193301,-0.019753359024476044
2017,2019,0.0,0.0,-0.19052538169335753,-0.21082734677122683,0.05715761450800726,-0.018962922937167514
2019,2017,0.0,0.0,-0.19052538169335753,0.256463498421035,0.05715761450800726,-0.026676031736781566
820,2162,0.0,0.0,-0.18981854085974514,0.4452903841684623,0.05694556225792354,-0.017482943745448763
2162,820,0.0,0.0,-0.18981854085974514,0.2561458144545922,0.05694556225792354,-0.020048656201171435
2079,2146,0.0,0.0,0.1884627382727343,0.31841760497434535,0.05653882148182029,0.021954492105984606
2146,2079,0.0,0.0,0.1884627382727343,-0.05960898037478867,0.05653882148182029,0.02446771610351611
2079,2077,0.0,0.0,-0.18240428458735242,-2.9059383760061594e-18,0.05472128537620572,-0.021248727800375802
2077,2079,0.0,0.0,-0.18240428458735242,1.816992872158818e-19,0.05472128537620572,-0.027001159113125246
2163,820,0.0,0.0,-0.1813640372069906,-0.2056032275574208,0.054409211162097175,-0.017526938245984038
820,2163,0.0,0.0,-0.1813640372069906,0.03293963434825881,0.054409211162097175,-0.016704254734947868
2026,2146,0.0,0.0,0.1791307461105574,-0.2645421559973732,0.05373922383316722,0.024461823570816502
2146,2026,0.0,0.0,0.1791307461105574,-0.08001662192859141,0.05373922383316722,0.023256163427390023
951,2146,0.0,0.0,-0.17802927789982148,-0.4915670413504303,0.05340878336994644,-0.016963967760337456
2146,951,0.0,0.0,-0.17802927789982148,0.16175897878992587,0.05340878336994644,-0.02311316215443636
2146,2019,0.0,0.0,-0.1767969404947616,0.3935827143812561,0.05303908214842848,-0.022953170412582786
2019,2146,0.0,0.0,-0.1767969404947616,-0.5056814483488685,0.05303908214842848,-0.024753871393338716
2015,2072,0.0,0.0,0.175967004021204,0.31022727251615245,0.0527901012063612,0.026234013427572738
2072,2015,0.0,0.0,0.175967004021204,0.2251241779826268,0.0527901012063612,0.017892875021984715
2162,2015,0.0,0.0,-0.1738557999759991,0.37910590576440206,0.052156739992799725,-0.018362669666046418
2015,2162,0.0,0.0,-0.1738557999759991,0.48126217784099085,0.052156739992799725,-0.025919264900834297
2064,2015,0.0,0.0,0.1732411873993659,0.23233464592036177,0.051972356219809765,0.015861396663908647
2015,2064,0.0,0.0,0.1732411873993659,-0.4449330594499009,0.051972356219809765,0.025827635480433368
2079,4398,0.0,0.0,0.17034508502329007,-0.39603570139105165,0.05110352550698702,0.019843921714779396
4398,2079,0.0,0.0,0.17034508502329007,0.2635646331430287,0.05110352550698702,0.01713639867432285
2015,2026,0.0,0.0,0.16626408457276448,0.13299369963935934,0.049879225371829344,0.024787455190629942
2026,2015,0.0,0.0,0.16626408457276448,0.01769548416456314,0.049879225371829344,0.022704771745170414
2167,2033,0.0,0.0,0.16507932332662523,0.17414098516428672,0.04952379699798757,0.022251806681485794
2033,2167,0.0,0.0,0.16507932332662523,-0.06506456306226602,0.04952379699798757,0.0209650880025448
2697,2167,0.0,0.0,0.16344612317998924,0.002596408253586228,0.049033836953996775,0.01624769199970448
2167,2697,0.0,0.0,0.16344612317998924,-0.6204059073083383,0.049033836953996775,0.022031660068313575
2167,2074,0.0,0.0,0.16285750531724139,0.6352992843225433,0.048857251595172416,0.02195231753996301
2074,2167,0.0,0.0,0.16285750531724139,0.1133655596114914,0.048857251595172416,0.016678684416677404
2015,2166,0.0,0.0,0.16266991945596748,-0.08603582974008536,0.048800975836790245,0.02425161964316785
2166,2015,0.0,0.0,0.16266991945596748,-0.4364718981953959,0.048800975836790245,0.015224738503857102
2033,820,0.0,0.0,-0.16227966328246615,-0.06612931056126574,0.04868389898473984,-0.020609530940520322
820,2033,0.0,0.0,-0.16227966328246615,-0.07568762083205142,0.04868389898473984,-0.014946517928899498
2146,2167,0.0,0.0,0.16192954072703863,-0.31789030194022366,0.04857886221811159,0.021022967551008662
2167,2146,0.0,0.0,0.16192954072703863,0.22487631403212072,0.04857886221811159,0.021827232894276648
2167,2162,0.0,0.0,-0.15978293236034855,-0.34784557559333285,0.04793487970810456,-0.021537881608883147
2162,2167,0.0,0.0,-0.15978293236034855,0.13537585388198267,0.04793487970810456,-0.01687629176369362
4397,2161,0.0,0.0,0.1591624265129646,-0.04958716086185772,0.04774872795388938,0.016374892904805458
2161,4397,0.0,0.0,0.1591624265129646,0.11356534864374557,0.04774872795388938,0.016541562840259223
2077,4394,0.0,0.0,-0.15650373741463097,-0.6596794223291351,0.04695112122438929,-0.023167122007528938
4394,2077,0.0,0.0,-0.15650373741463097,-0.20205088682618325,0.04695112122438929,-0.012946605464390389
49,2079,0.0,0.0,0.14776393514309297,0.3073009860356608,0.044329180542927886,0.02509411128320355
2079,49,0.0,0.0,0.14776393514309297,-0.137140190382314,0.044329180542927886,0.017213387523604663
2033,2026,0.0,0.0,-0.14727806119514247,0.2049759708037855,0.04418341835854274,-0.018704326208625385
2026,2033,0.0,0.0,-0.14727806119514247,0.1681363902082372,0.04418341835854274,-0.020112069128456336
4398,2161,0.0,0.0,-0.14702572345383827,-0.10139411324080139,0.04410771703615148,-0.014790514279535804
2161,4398,0.0,0.0,-0.14702572345383827,-0.2262222382250809,0.04410771703615148,-0.015280209638222237
2017,2031,0.0,0.0,-0.14578633686004572,-0.29050272791967974,0.04373590105801371,-0.014510061843720076
2031,2017,0.0,0.0,-0.14578633686004572,0.006534962905099064,0.04373590105801371,-0.019831226528519777
2163,2166,0.0,0.0,-0.1439972880544327,-0.4964567413534079,0.04319918641632981,-0.01391583256629191
2166,2163,0.0,0.0,-0.1439972880544327,0.44058459589725363,0.04319918641632981,-0.013477114043120648
2031,4398,0.0,0.0,0.14232715165848808,0.1343943080149915,0.04269814549754642,0.01936067567434715
4398,2031,0.0,0.0,0.14232715165848808,-0.17793422094289954,0.04269814549754642,0.01431784669729214
2074,2026,0.0,0.0,0.14054340463867812,-0.6872206947017725,0.04216302139160343,0.01439343607927503
2026,2074,0.0,0.0,0.14054340463867812,0.24082521204866128,0.04216302139160343,0.01919239462214575
49,2697,0.0,0.0,0.14017554681538635,-0.007124832476105431,0.042052664044615905,0.023805408048742257
2697,49,0.0,0.0,0.14017554681538635,-0.33310031158430936,0.042052664044615905,0.013934433354766728
2026,2161,0.0,0.0,-0.13977430619134892,-0.41690785633419014,0.04193229185740468,-0.01908736770222468
2161,2026,0.0,0.0,-0.13977430619134892,0.2630108659514621,0.04193229185740468,-0.014526578414092606
2162,2017А,0.0,0.0,-0.13883109247669492,-0.4584646216159773,0.041649327743008474,-0.01466335601618022
2017А,2162,0.0,0.0,-0.13883109247669492,-0.07391448219881226,0.041649327743008474,-0.018662893473242417
2163,4394,0.0,0.0,-0.1384727143410764,-0.4759951144714524,0.04154181430232292,-0.013381940269888782
4394,2163,0.0,0.0,-0.1384727143410764,0.3090083364443455,0.04154181430232292,-0.011455008230298986
2079,2163,0.0,0.0,-0.13765449470475383,-0.5633276724613461,0.04129634841142615,-0.016035713717452882
2163,2079,0.0,0.0,-0.13765449470475383,0.277273651312437,0.04129634841142615,-0.013302867895572862
2019,820,0.0,0.0,-0.136856088595319,-0.19829943212584006,0.0410568265785957,-0.019161632588230632
820,2019,0.0,0.0,-0.136856088595319,-0.1390340766242105,0.0410568265785957,-0.012604918820348615
2015,2165,0.0,0.0,0.13683739570127218,0.20919404598992725,0.04105121871038165,0.020400381856752466
2165,2015,0.0,0.0,0.13683739570127218,-0.515661333384888,0.04105121871038165,0.014303928992171963
2146,2074,0.0,0.0,-0.13550833548233238,0.2870490046694739,0.04065250064469971,-0.01759275872052532
2074,2146,0.0,0.0,-0.13550833548233238,-0.4854170240324673,0.04065250064469971,-0.01387778081787796
2019,4397,0.07126377260952217,0.0,-0.015930526085257378,0.13979873023418535,0.0404110441303383,0.01886023944519879
4397,2019,0.07126377260952217,0.0,-0.015930526085257378,-0.026959688648160084,0.0404110441303383,0.013858516198477198
2064,4398,0.0,0.0,-0.13459229564103095,0.15759605556187892,0.04037768869230928,-0.012322830506507303
4398,2064,0.0,0.0,-0.13459229564103095,0.04473672065404142,0.04037768869230928,-0.013539734570455557
2166,2074,0.0,0.0,0.1316688249239116,0.03743472355480196,0.03950064747717348,0.012323258259922608
2074,2166,0.0,0.0,0.1316688249239116,-0.6375934432598658,0.03950064747717348,0.01348456599616215
951,2017А,0.0,0.0,-0.13032762662333777,-0.15379324161085794,0.03909828798700133,-0.012418595875919218
2017А,951,0.0,0.0,-0.13032762662333777,0.5003898646652324,0.03909828798700133,-0.017519782988815458
49,2146,0.0,0.0,0.12820499355063725,0.4317688768793342,0.038461498065191176,0.021772500658611946
2146,49,0.0,0.0,0.12820499355063725,-0.2667769876485054,0.038461498065191176,0.016644581385157196
2077,4397,0.0,0.0,-0.12595301286020572,0.2118213765683374,0.037785903858061715,-0.018644722895131687
4397,2077,0.0,0.0,-0.12595301286020572,0.16721308464841717,0.037785903858061715,-0.012958253664569852
2163,49,0.0,0.0,-0.12441720751425661,0.5216211270975638,0.03732516225427698,-0.012023622469053113
49,2163,0.0,0.0,-0.12441720751425661,0.201595663494456,0.03732516225427698,-0.021129237306009338
2077,49,0.0,0.0,0.12262092377017668,-0.016305952734397413,0.036786277131053,0.01815147643492643
49,2077,0.0,0.0,0.12262092377017668,0.7898980047384448,0.036786277131053,0.02082418219140035
2015,2167,0.0,0.0,-0.12252123051183988,-0.4162094645637467,0.03675636915355197,-0.0182660585959799
2167,2015,0.0,0.0,-0.12252123051183988,0.5486803210311372,0.03675636915355197,-0.01651520421084437
2064,2167,0.0,0.0,0.1224777606330003,-0.35292143217423655,0.03674332818990009,0.011213663292603265
2167,2064,0.0,0.0,0.1224777606330003,0.21360722955456557,0.03674332818990009,0.016509344704511812
2017А,2167,0.0,0.0,0.1214513110801169,-0.09447783378480787,0.03643539332403507,0.016326550777912664
2167,2017А,0.0,0.0,0.1214513110801169,0.19591387318434633,0.03643539332403507,0.016370984814497808
4397,2033,0.0,0.0,0.12072265485939537,-0.23267197043804455,0.03621679645781861,0.012420145808378772
2033,4397,0.0,0.0,0.12072265485939537,0.4039188121558064,0.03621679645781861,0.01533178736152388
4394,2165,0.0,0.0,-0.12037072817819934,0.2251670211074164,0.0361112184534598,-0.009957540650009021
2165,4394,0.0,0.0,-0.12037072817819934,0.004605563020737587,0.0361112184534598,-0.012582630206992377
2026,951,0.0,0.0,0.12031837305941752,0.22835653849484044,0.03609551191782526,0.016430494920680116
951,2026,0.0,0.0,0.12031837305941752,-0.3755253241880409,0.03609551191782526,0.01146483896151477
2017А,2077,0.0,0.0,-0.1159162898013342,-0.005009222798962552,0.034774886940400256,-0.015582484656590508
2077,2017А,0.0,0.0,-0.1159162898013342,0.29442188933539587,0.034774886940400256,-0.017158994876735376
2165,2074,0.0,0.0,-0.11418732662900305,-0.2828618850236563,0.034256197988700915,-0.011936264962780357
2074,2165,0.0,0.0,-0.11418732662900305,-0.306978562406689,0.034256197988700915,-0.011694237741879379
2161,2017А,0.0,0.0,0.11224654681226166,0.2229688479562111,0.0336739640436785,0.01166565092261825
2017А,2161,0.0,0.0,0.11224654681226166,0.16710940161550744,0.0336739640436785,0.015089165607828175
4397,2166,0.0,0.0,-0.11131953581328916,-0.16060390875620514,0.03339586074398675,-0.01145273741479925
2166,4397,0.0,0.0,-0.11131953581328916,0.4740053786205056,0.03339586074398675,-0.010418710655271734
2064,2072,0.0,0.0,-0.11046495533886337,-0.010527732684529181,0.03313948660165901,-0.01011381011867319
2072,2064,0.0,0.0,-0.11046495533886337,-0.24880455237129345,0.03313948660165901,-0.011232421959910355
2163,2165,0.0,0.0,0.11023549155463828,-0.5292620615806762,0.03307064746639148,0.010653107874902161
2165,2163,0.0,0.0,0.11023549155463828,0.12158500937972486,0.03307064746639148,0.011523170515880102
4394,2017А,0.0,0.0,-0.10851776847039031,0.10284911409902595,0.03255533054111709,-0.008977017146498276
2017А,4394,0.0,0.0,-0.10851776847039031,0.34228904400226334,0.03255533054111709,-0.014587910509001083
820,2026,0.0,0.0,0.10739855087475718,0.14539905633105676,0.032219565262427155,0.00989177777250678
2026,820,0.0,0.0,0.10739855087475718,-0.3187944847688552,0.032219565262427155,0.014666183557557538
951,4398,0.0,0.0,-0.10708798837415208,0.11521006992547446,0.03212639651224562,-0.010204148462146461
4398,951,0.0,0.0,-0.10708798837415208,-0.26630647216397085,0.03212639651224562,-0.01077285242341932
2074,2017А,0.0,0.0,-0.10493113880198605,0.02443038328977337,0.03147934164059581,-0.010746286123883154
2017А,2074,0.0,0.0,-0.10493113880198605,0.234194404771135,0.03147934164059581,-0.014105764281990474
2077,2167,0.0,0.0,0.10357496400027404,-0.01990645508114658,0.03107248920008221,0.015332118373394465
2167,2077,0.0,0.0,0.10357496400027404,0.2131239089912158,0.03107248920008221,0.013961349183724357
2017,2074,0.0,0.0,0.10320493727511884,-0.02972657037846705,0.030961481182535652,0.010271950408335105
2074,2017,0.0,0.0,0.10320493727511884,-0.29193025664526057,0.030961481182535652,0.010569501084408793
2031,49,0.0,0.0,-0.09999005147016082,-0.31589333389490704,0.029997015441048245,0.013601585745354939
49,2031,0.0,0.0,-0.09999005147016082,-0.34291200992600446,0.029997015441048245,0.01698087883471445
2697,2165,0.0,0.0,0.09938647220586319,0.02381841514961675,0.029815941661758955,0.009879713008303126
2165,2697,0.0,0.0,0.09938647220586319,0.655663757831373,0.029815941661758955,0.01038909746805363
2026,2162,0.0,0.0,0.09855615302572973,0.29278437293530973,0.02956684590771892,0.013458679090444011
2162,2026,0.0,0.0,0.09855615302572973,0.09973869647112778,0.02956684590771892,0.01040951226141224
2017,49,0.0,0.0,0.09621703531785905,-0.09725711371482816,0.028865110595357714,0.009576447031670727
49,2017,0.0,0.0,0.09621703531785905,-0.13502724832110957,0.028865110595357714,0.016340123787770843
2162,2165,0.0,0.0,-0.09582027111352685,-0.10659235209644748,0.028746081334058055,0.010120548097973182
2165,2162,0.0,0.0,-0.09582027111352685,0.5274575241354711,0.028746081334058055,0.01001631423189832
2031,4397,0.0,0.0,-0.09422757006623278,-0.263129483645519,0.028268271019869833,0.01281771891291381
4397,2031,0.0,0.0,-0.09422757006623278,-0.24602162036401404,0.028268271019869833,0.009694287793412925
2163,2017,0.0,0.0,-0.09355302082079363,-0.029135154365801354,0.028065906246238087,0.009040921474304872
2017,2163,0.0,0.0,-0.09355302082079363,0.22327374477613696,0.028065906246238087,0.009311298623818935
2064,2031,0.0,0.0,-0.09003714621104558,0.36658058487681056,0.027011143863313675,0.00824350670864174
2031,2064,0.0,0.0,-0.09003714621104558,0.37161468178434404,0.027011143863313675,0.012247698110467093
2017,2161,0.0,0.0,0.08994534830441663,-0.1583803409062426,0.026983604491324985,0.008952228271603604
2161,2017,0.0,0.0,0.08994534830441663,0.3816752736261699,0.026983604491324985,0.009347913724130857
2146,2017А,0.0,0.0,0.08966601876615872,0.041177497194058485,0.026899805629847614,0.01164114833208026
2017А,2146,0.0,0.0,0.08966601876615872,0.29549724610266814,0.026899805629847614,0.012053692919570506
2033,2079,0.0,0.0,-0.0886485870549719,-0.18992254837946634,0.02659457611649157,0.011258378041879112
2079,2033,0.0,0.0,-0.0886485870549719,0.16375907567776332,0.02659457611649157,0.010326893913048061
2077,2162,0.0,0.0,0.08486620092780726,0.3233692638475885,0.02545986027834218,0.012562675266988049
2162,2077,0.0,0.0,0.08486620092780726,0.041545330911384945,0.02545986027834218,0.008963577940251525
2079,2162,0.0,0.0,-0.08173816112808038,-0.3779568634511124,0.024521448338424113,0.009521881246611172
2162,2079,0.0,0.0,-0.08173816112808038,-0.14369625880840145,0.024521448338424113,0.008633194015455457
2031,2077,0.0,0.0,-0.07999631660472424,0.0011861899585863275,0.02399889498141727,0.010881850180229413
2077,2031,0.0,0.0,-0.07999631660472424,-0.019841499077297698,0.02399889498141727,0.011841790218878842
2161,2031,0.0,0.0,0.07917807477008296,0.5713813531431998,0.023753422431024886,0.008228883713791497
2031,2161,0.0,0.0,0.07917807477008296,0.31562888177848203,0.023753422431024886,0.010770545242281349
2015,2161,0.0,0.0,0.07756310119328232,-0.1616541465007703,0.023268930357984694,0.011563482878548977
2161,2015,0.0,0.0,0.07756310119328232,0.2766059326960363,0.023268930357984694,0.008061041419028355
4398,2026,0.0,0.0,-0.0735824993461709,-0.23479491969591704,0.022074749803851268,0.007402262554723465
2026,4398,0.0,0.0,-0.0735824993461709,0.5445345708082059,0.022074749803851268,0.01004831474209814
2077,4398,0.0,0.0,-0.07278983702638407,-0.07763915182022267,0.021836951107915222,0.010775020859921894
4398,2077,0.0,0.0,-0.07278983702638407,-0.14068923727058186,0.021836951107915222,0.00732252219987775
4394,2064,0.0,0.0,-0.07076753485702277,-0.13127120550169666,0.02123026045710683,0.005854169163091923
2064,4394,0.0,0.0,-0.07076753485702277,-0.26022399086658643,0.02123026045710683,0.006479244099768439
2074,2161,0.0,0.0,-0.06750560998018457,0.1658132604400497,0.02025168299405537,0.0069134349259592255
2161,2074,0.0,0.0,-0.06750560998018457,-0.0783236793338046,0.02025168299405537,0.0070157782462954375
2026,2163,0.0,0.0,-0.06626084022624312,0.5418528497060371,0.019878252067872935,0.009048480054161355
2163,2026,0.0,0.0,-0.06626084022624312,-0.10137037530393443,0.019878252067872935,0.006403417527847216
2163,2015,0.0,0.0,-0.06537011473357301,-0.4864545349675425,0.019611034420071904,0.006317338220479709
2015,2163,0.0,0.0,-0.06537011473357301,0.05613922637649869,0.019611034420071904,0.009745693388493886
2017А,2072,0.0,0.0,0.06446126423671594,0.5252074695120245,0.019338379271014783,0.008665448683999299
2072,2017А,0.0,0.0,0.06446126423671594,0.15605183092083602,0.019338379271014783,0.006554622846267856
2167,4394,0.0,0.0,-0.06353660867963892,0.046296761450158305,0.019060982603891677,0.008564393801997786
4394,2167,0.0,0.0,-0.06353660867963892,-0.06684696672453029,0.019060982603891677,0.005255998474600944
49,2072,0.0,0.0,-0.05720480512682168,-0.17395821183125101,0.017161441538046503,0.009714845130486746
2072,49,0.0,0.0,-0.05720480512682168,-0.2918332508908848,0.017161441538046503,0.005816763401096902
2072,2077,0.0,0.0,0.0565932909706196,0.11769666305141796,0.01697798729118588,0.005754582730169643
2077,2072,0.0,0.0,0.0565932909706196,-0.32357376703524593,0.01697798729118588,0.00837745921204665
2026,2167,0.0,0.0,-0.05226939514477149,-0.7153255647300236,0.015680818543431445,0.007137829490173356
2167,2026,0.0,0.0,-0.05226939514477149,0.6730686043826691,0.015680818543431445,0.007045633896974277
49,2166,0.0,0.0,-0.05069471740609652,-0.046818974246707216,0.015208415221828954,0.008609265033630952
2166,49,0.0,0.0,-0.05069471740609652,0.1126041915844546,0.015208415221828954,0.004744662188411988
2026,2017А,0.0,0.0,-0.04379775532096747,0.4134611449639316,0.013139326596290241,0.005980955177834503
2017А,2026,0.0,0.0,-0.04379775532096747,0.2123909825455228,0.013139326596290241,0.005887678526044625
2072,2146,0.0,0.0,-0.04159590528838085,0.03514451324774516,0.012478771586514255,0.004229601673854873
2146,2072,0.0,0.0,-0.04159590528838085,-0.24626423285101512,0.012478771586514255,0.005400307832692094
951,2167,0.0,0.0,0.03771333426457793,-0.11595585644529091,0.011314000279373378,0.003593609962059906
2167,951,0.0,0.0,0.03771333426457793,0.534261381049927,0.011314000279373378,0.005083555023479379
2017,2162,0.0,0.0,-0.037597250208955664,0.5426959328948121,0.011279175062686699,0.0037420408347970144
2162,2017,0.0,0.0,-0.037597250208955664,0.1738353882559686,0.011279175062686699,0.0039710259078733975
2077,2015,0.0,0.0,-0.037340997510870354,0.08269853880087466,0.011202299253261105,0.00552755774084341
2015,2077,0.0,0.0,-0.037340997510870354,-0.3083212054715112,0.011202299253261105,0.005566976806521584
2165,2026,0.0,0.0,0.03492504768197642,-0.6305155710276247,0.010477514304592926,0.0036507958919490477
2026,2165,0.0,0.0,0.03492504768197642,0.600912819407036,0.010477514304592926,0.0047693116516780345
2166,2697,0.0,0.0,-0.031769933211922646,-0.08788657840384408,0.009530979963576793,0.0029734380336215458
2697,2166,0.0,0.0,-0.031769933211922646,0.4976894005281597,0.009530979963576793,0.0031581543791654658
2017А,2031,0.0,0.0,0.03131464877581339,0.16169540488365103,0.009394394632744017,0.004209589824794552
2031,2017А,0.0,0.0,0.03131464877581339,0.4124347794626076,0.009394394632744017,0.00425971258287637
2165,2019,0.0,0.0,0.030587753260731942,-0.047410468406931194,0.009176325978219583,0.0031974084893192575
2019,2165,0.0,0.0,0.030587753260731942,-0.17290400657191968,0.009176325978219583,0.004282683333254683
2015,2074,0.0,0.0,0.030537495857429993,0.326825419707783,0.009161248757228997,0.0045526778206198834
2074,2015,0.0,0.0,0.030537495857429993,-0.4768796988702538,0.009161248757228997,0.0031274288236794396
2019,2077,0.0,0.0,-0.028939937351304318,-0.5888643622616615,0.008681981205391294,0.004051967671616423
2077,2019,0.0,0.0,-0.028939937351304318,-0.05159733385459976,0.008681981205391294,0.00428395558204243
49,2162,0.0,0.0,-0.028790631700179984,-0.22297694736080073,0.008637189510053996,0.004889388707050927
2162,49,0.0,0.0,-0.028790631700179984,0.14764169990386186,0.008637189510053996,0.0030408698442053305
2015,2697,0.0,0.0,-0.027262584348112497,0.12492984827056838,0.008178775304433748,0.004064438147577572
2697,2015,0.0,0.0,-0.027262584348112497,0.1968234401512508,0.008178775304433748,0.0027100922615112045
2165,49,0.0,0.0,0.020363606617233892,0.08212911438886848,0.006109081985170167,0.002128654828489466
49,2165,0.0,0.0,0.020363606617233892,-0.1365210289220253,0.006109081985170167,0.0034582634124178833
2167,2079,0.0,0.0,-0.018256153760323506,-0.612166738661021,0.005476846128097052,0.0024608315325985977
2079,2167,0.0,0.0,-0.018256153760323506,0.27244303713458257,0.005476846128097052,0.0021267046594464645
49,2167,0.0,0.0,-0.015457530065922695,0.20011531272006874,0.004637259019776808,0.0026250856087589813
2167,49,0.0,0.0,-0.015457530065922695,-0.37872621188343897,0.004637259019776808,0.002083592080878672
2163,2031,0.0,0.0,-0.013898022256670584,-0.3354803570144702,0.004169406677001175,0.001343098563448763
2031,2163,0.0,0.0,-0.013898022256670584,0.3248175717542898,0.004169406677001175,0.0018905394950353481
4397,2165,0.0,0.0,0.012882423758189055,0.30600266082179917,0.0038647271274567163,0.001325364999870019
2165,4397,0.0,0.0,0.012882423758189055,-0.013813495895164911,0.0038647271274567163,0.0013466295067941882
2162,2031,0.0,0.0,-0.012612489816678275,0.24906481943386397,0.0037837469450034823,0.0013321326306169245
2031,2162,0.0,0.0,-0.012612489816678275,0.1338237395434262,0.0037837469450034823,0.0017156693009119984
2163,4397,0.0,0.0,0.011104324432237057,0.005818604638041983,0.0033312973296711172,0.0010731168735787769
4397,2163,0.0,0.0,0.011104324432237057,0.3421624339357149,0.0033312973296711172,0.0011424312090597924
2031,2146,0.0,0.0,0.007679286817263405,-0.20310382877543273,0.0023037860451790215,0.0010446087042904693
2146,2031,0.0,0.0,0.007679286817263405,-0.07012359014798175,0.0023037860451790215,0.0009969854595361055
2161,2019,0.0,0.0,-0.00341521823579581,0.03923776893800924,0.001024565470738743,0.0003549395940882692
2019,2161,0.0,0.0,-0.00341521823579581,-0.2693538348902843,0.001024565470738743,0.00047817497719413013
4398,49,0.0,0.0,-0.003294852232123986,0.3062434108026011,0.0009884556696371958,0.0003314560054077259
49,4398,0.0,0.0,-0.003294852232123986,-0.0004761631262619064,0.0009884556696371958,0.000559550532371537
2019,2166,0.0,0.0,-0.0018147463952261846,-0.41506084433993784,0.0005444239185678554,0.0002540881010341071
2166,2019,0.0,0.0,-0.0018147463952261846,-0.14619822047617653,0.0005444239185678554,0.0001698472551688622
2033,2064,0.0,0.0,-0.0012147788322533547,-0.08087682531733457,0.0003644336496760064,0.00015427701427773256
2064,2033,0.0,0.0,-0.0012147788322533547,-0.10683198754623989,0.0003644336496760064,0.00011122117786500884
2146,2017,0.0,0.0,0.0007209131907943602,-0.20757903140985937,0.00021627395723830808,9.35946248542239e-05
2017,2146,0.0,0.0,0.0007209131907943602,-0.1261732677107852,0.00021627395723830808,7.175223143456695e-05
2072,2026,0.0,0.0,0.0004411774911275482,-0.24096667788941067,0.00013235324733826446,4.486030636918029e-05
2026,2072,0.0,0.0,0.0004411774911275482,-0.6693678961119395,0.00013235324733826446,6.024653045723847e-05
