datetime,PRED::PUMP_001_QVD_I3,PRED::PUMP_003_QVD_I3,Q_OUT_SUM
2026-07-17 22:30:00,0.0,38.87442910814441,38.87442910814441
2026-07-17 23:00:00,0.0,39.52030973066837,39.52030973066837
2026-07-17 23:30:00,0.0,40.052798390767926,40.052798390767926
2026-07-18 00:00:00,0.0,40.515254569637065,40.515254569637065
2026-07-18 00:30:00,0.0,40.93109590855569,40.93109590855569
2026-07-18 01:00:00,0.0,41.27855788059885,41.27855788059885
2026-07-18 01:30:00,0.0,41.54227529236172,41.54227529236172
2026-07-18 02:00:00,0.0,41.72939680832942,41.72939680832942
2026-07-18 02:30:00,0.0,41.850418619404664,41.850418619404664
2026-07-18 03:00:00,0.0,41.915109119113644,41.915109119113644
2026-07-18 03:30:00,0.0,41.9361420181673,41.9361420181673
2026-07-18 04:00:00,0.0,41.92231507535642,41.92231507535642
2026-07-18 04:30:00,0.0,41.87914982722018,41.87914982722018
2026-07-18 05:00:00,0.0,41.81700953227205,41.81700953227205
2026-07-18 05:30:00,0.0,41.73727766798294,41.73727766798294
2026-07-18 06:00:00,0.0,41.63989771434508,41.63989771434508
2026-07-18 06:30:00,0.0,41.52594069994959,41.52594069994959
2026-07-18 07:00:00,0.0,41.39942712435038,41.39942712435038
2026-07-18 07:30:00,0.0,41.263877986330534,41.263877986330534
2026-07-18 08:00:00,0.0,41.12143517905429,41.12143517905429
2026-07-18 08:30:00,0.0,40.97189463856393,40.97189463856393
2026-07-18 09:00:00,0.0,40.816261663034965,40.816261663034965
2026-07-18 09:30:00,0.0,40.65661355855614,40.65661355855614
2026-07-18 10:00:00,0.0,40.49269228174183,40.49269228174183
2026-07-18 10:30:00,0.0,40.32556702679345,40.32556702679345
2026-07-18 11:00:00,0.0,40.15785264306116,40.15785264306116
2026-07-18 11:30:00,0.0,39.9907018938183,39.9907018938183
2026-07-18 12:00:00,0.0,39.82410837239193,39.82410837239193
2026-07-18 12:30:00,0.0,39.65760559990715,39.65760559990715
2026-07-18 13:00:00,0.0,39.48901213717293,39.48901213717293
2026-07-18 13:30:00,0.0,39.31762645066136,39.31762645066136
2026-07-18 14:00:00,0.0,39.148909992949115,39.148909992949115
2026-07-18 14:30:00,0.0,38.98493933515469,38.98493933515469
2026-07-18 15:00:00,0.0,38.82652112114765,38.82652112114765
2026-07-18 15:30:00,0.0,38.67828157564872,38.67828157564872
2026-07-18 16:00:00,0.0,38.54010145303703,38.54010145303703
2026-07-18 16:30:00,0.0,38.41384682459893,38.41384682459893
2026-07-18 17:00:00,0.0,38.29953683551467,38.29953683551467
2026-07-18 17:30:00,0.0,38.19601776270445,38.19601776270445
2026-07-18 18:00:00,0.0,38.103945311030955,38.103945311030955
2026-07-18 18:30:00,0.0,38.02411472020521,38.02411472020521
2026-07-18 19:00:00,0.0,37.95821471549623,37.95821471549623
2026-07-18 19:30:00,0.0,37.906183994453855,37.906183994453855
2026-07-18 20:00:00,0.0,37.867564833226794,37.867564833226794
2026-07-18 20:30:00,0.0,37.84039635131765,37.84039635131765
2026-07-18 21:00:00,0.0,37.823828877380755,37.823828877380755
2026-07-18 21:30:00,0.0,37.815371663037176,37.815371663037176
2026-07-18 22:00:00,0.0,37.81504696553942,37.81504696553942
2026-07-18 22:30:00,0.0,37.82075463068,37.82075463068
2026-07-18 23:00:00,0.0,37.82726160057339,37.82726160057339
2026-07-18 23:30:00,0.0,37.83219152014575,37.83219152014575
2026-07-19 00:00:00,0.0,37.836010035013906,37.836010035013906
2026-07-19 00:30:00,0.0,37.843894612296694,37.843894612296694
2026-07-19 01:00:00,0.0,37.85572909399363,37.85572909399363
2026-07-19 01:30:00,0.0,37.870450440054555,37.870450440054555
2026-07-19 02:00:00,0.0,37.887889528572494,37.887889528572494
2026-07-19 02:30:00,0.0,37.90957025537419,37.90957025537419
2026-07-19 03:00:00,0.0,37.935835896697604,37.935835896697604
2026-07-19 03:30:00,0.0,37.96602609767301,37.96602609767301
2026-07-19 04:00:00,0.0,37.99902914430786,37.99902914430786
2026-07-19 04:30:00,0.0,38.033523246385236,38.033523246385236
2026-07-19 05:00:00,0.0,38.06781989230322,38.06781989230322
2026-07-19 05:30:00,0.0,38.10038722627422,38.10038722627422
2026-07-19 06:00:00,0.0,38.129918649058276,38.129918649058276
2026-07-19 06:30:00,0.0,38.15538978198494,38.15538978198494
2026-07-19 07:00:00,0.0,38.1759748329594,38.1759748329594
2026-07-19 07:30:00,0.0,38.191214401583466,38.191214401583466
2026-07-19 08:00:00,0.0,38.20095128708263,38.20095128708263
2026-07-19 08:30:00,0.0,38.205292284174206,38.205292284174206
2026-07-19 09:00:00,0.0,38.204588584829025,38.204588584829025
2026-07-19 09:30:00,0.0,38.19938742741465,38.19938742741465
2026-07-19 10:00:00,0.0,38.19052084839236,38.19052084839236
2026-07-19 10:30:00,0.0,38.178899981047664,38.178899981047664
2026-07-19 11:00:00,0.0,38.16553783305736,38.16553783305736
2026-07-19 11:30:00,0.0,38.15156965871722,38.15156965871722
2026-07-19 12:00:00,0.0,38.138191275834316,38.138191275834316
2026-07-19 12:30:00,0.0,38.126520815070506,38.126520815070506
2026-07-19 13:00:00,0.0,38.11760943584389,38.11760943584389
2026-07-19 13:30:00,0.0,38.1125290131009,38.1125290131009
2026-07-19 14:00:00,0.0,38.1123380422687,38.1123380422687
2026-07-19 14:30:00,0.0,38.11806812713505,38.11806812713505
2026-07-19 15:00:00,0.0,38.130727259127625,38.130727259127625
2026-07-19 15:30:00,0.0,38.1511518234658,38.1511518234658
2026-07-19 16:00:00,0.0,38.18008323818333,38.18008323818333
2026-07-19 16:30:00,0.0,38.218053142185866,38.218053142185866
2026-07-19 17:00:00,0.0,38.26546276891371,38.26546276891371
2026-07-19 17:30:00,0.0,38.32260194330106,38.32260194330106
2026-07-19 18:00:00,0.0,38.389651398026196,38.389651398026196
2026-07-19 18:30:00,0.0,38.46660809177351,38.46660809177351
2026-07-19 19:00:00,0.0,38.55320036995667,38.55320036995667
2026-07-19 19:30:00,0.0,38.64897487233853,38.64897487233853
2026-07-19 20:00:00,0.0,38.753307993141675,38.753307993141675
2026-07-19 20:30:00,0.0,38.865504959819916,38.865504959819916
2026-07-19 21:00:00,0.0,38.98474612586332,38.98474612586332
2026-07-19 21:30:00,0.0,39.110141654638255,39.110141654638255
2026-07-19 22:00:00,0.0,39.240763629258964,39.240763629258964
2026-07-19 22:30:00,0.0,39.37558579943332,39.37558579943332
2026-07-19 23:00:00,0.0,39.51335932681328,39.51335932681328
2026-07-19 23:30:00,0.0,39.652835449078715,39.652835449078715
2026-07-20 00:00:00,0.0,39.79288842962679,39.79288842962679
2026-07-20 00:30:00,0.0,39.93471201272489,39.93471201272489
2026-07-20 01:00:00,0.0,40.07630937759465,40.07630937759465
2026-07-20 01:30:00,0.0,40.21681682782554,40.21681682782554
2026-07-20 02:00:00,0.0,40.354439633646045,40.354439633646045
2026-07-20 02:30:00,0.0,40.48630668282799,40.48630668282799
2026-07-20 03:00:00,0.0,40.61005606062613,40.61005606062613
2026-07-20 03:30:00,0.0,40.724002488023494,40.724002488023494
2026-07-20 04:00:00,0.0,40.82693786773393,40.82693786773393
2026-07-20 04:30:00,0.0,40.91792917808527,40.91792917808527
2026-07-20 05:00:00,0.0,40.99630020952876,40.99630020952876
2026-07-20 05:30:00,0.0,41.06163271577793,41.06163271577793
2026-07-20 06:00:00,0.0,41.113777381154534,41.113777381154534
2026-07-20 06:30:00,0.0,41.152845321604715,41.152845321604715
2026-07-20 07:00:00,0.0,41.17910462543508,41.17910462543508
2026-07-20 07:30:00,0.0,41.192818529213476,41.192818529213476
2026-07-20 08:00:00,0.0,41.19434190533328,41.19434190533328
2026-07-20 08:30:00,0.0,41.184288357217724,41.184288357217724
2026-07-20 09:00:00,0.0,41.163455188866216,41.163455188866216
2026-07-20 09:30:00,0.0,41.132757994719654,41.132757994719654
2026-07-20 10:00:00,0.0,41.09319213566661,41.09319213566661
2026-07-20 10:30:00,0.0,41.04581037784425,41.04581037784425
2026-07-20 11:00:00,0.0,40.99170509508383,40.99170509508383
2026-07-20 11:30:00,0.0,40.93198984026063,40.93198984026063
2026-07-20 12:00:00,0.0,40.867787468357164,40.867787468357164
2026-07-20 12:30:00,0.0,40.80021573909288,40.80021573909288
2026-07-20 13:00:00,0.0,40.73039129717691,40.73039129717691
2026-07-20 13:30:00,0.0,40.659418191120366,40.659418191120366
2026-07-20 14:00:00,0.0,40.58834382120436,40.58834382120436
2026-07-20 14:30:00,0.0,40.51812119478164,40.51812119478164
2026-07-20 15:00:00,0.0,40.44958706592729,40.44958706592729
2026-07-20 15:30:00,0.0,40.38345017301755,40.38345017301755
2026-07-20 16:00:00,0.0,40.320282298394616,40.320282298394616
2026-07-20 16:30:00,0.0,40.260517662253314,40.260517662253314
2026-07-20 17:00:00,0.0,40.204455215609244,40.204455215609244
2026-07-20 17:30:00,0.0,40.1522655086836,40.1522655086836
2026-07-20 18:00:00,0.0,40.10399650223787,40.10399650223787
2026-07-20 18:30:00,0.0,40.05957650606071,40.05957650606071
2026-07-20 19:00:00,0.0,40.01881862498454,40.01881862498454
2026-07-20 19:30:00,0.0,39.9814298661813,39.9814298661813
2026-07-20 20:00:00,0.0,39.947022166240984,39.947022166240984
2026-07-20 20:30:00,0.0,39.915125364051846,39.915125364051846
2026-07-20 21:00:00,0.0,39.885201057914685,39.885201057914685
2026-07-20 21:30:00,0.0,39.856653485356134,39.856653485356134
2026-07-20 22:00:00,0.0,39.828841966997,39.828841966997
2026-07-20 22:30:00,0.0,39.80108768149915,39.80108768149915
2026-07-20 23:00:00,0.0,39.77268601050025,39.77268601050025
2026-07-20 23:30:00,0.0,39.74292763480774,39.74292763480774
2026-07-21 00:00:00,0.0,39.71111803568558,39.71111803568558
2026-07-21 00:30:00,0.0,39.67671517999912,39.67671517999912
2026-07-21 01:00:00,0.0,39.64005912324984,39.64005912324984
2026-07-21 01:30:00,0.0,39.60387738932809,39.60387738932809
2026-07-21 02:00:00,0.0,39.56874463878581,39.56874463878581
2026-07-21 02:30:00,0.0,39.53186444277388,39.53186444277388
2026-07-21 03:00:00,0.0,39.491381050481884,39.491381050481884
2026-07-21 03:30:00,0.0,39.44632507465604,39.44632507465604
2026-07-21 04:00:00,0.0,39.39623748819554,39.39623748819554
2026-07-21 04:30:00,0.0,39.340900650810035,39.340900650810035
2026-07-21 05:00:00,0.0,39.28024186539446,39.28024186539446
2026-07-21 05:30:00,0.0,39.214308438036575,39.214308438036575
2026-07-21 06:00:00,0.0,39.14326148295123,39.14326148295123
2026-07-21 06:30:00,0.0,39.067352460757235,39.067352460757235
2026-07-21 07:00:00,0.0,38.98688873410246,38.98688873410246
2026-07-21 07:30:00,0.0,38.9020337890653,38.9020337890653
2026-07-21 08:00:00,0.0,38.81299907833548,38.81299907833548
2026-07-21 08:30:00,0.0,38.72030844587209,38.72030844587209
2026-07-21 09:00:00,0.0,38.624678807408316,38.624678807408316
2026-07-21 09:30:00,0.0,38.52693737521156,38.52693737521156
2026-07-21 10:00:00,0.0,38.42798060452593,38.42798060452593
2026-07-21 10:30:00,0.0,38.328768660005174,38.328768660005174
2026-07-21 11:00:00,0.0,38.23031747345294,38.23031747345294
2026-07-21 11:30:00,0.0,38.13368230047235,38.13368230047235
2026-07-21 12:00:00,0.0,38.039937296190544,38.039937296190544
2026-07-21 12:30:00,0.0,37.95015029921716,37.95015029921716
2026-07-21 13:00:00,0.0,37.86536385584711,37.86536385584711
2026-07-21 13:30:00,0.0,37.78657369875327,37.78657369875327
2026-07-21 14:00:00,0.0,37.71471155989452,37.71471155989452
2026-07-21 14:30:00,0.0,37.65063055176935,37.65063055176935
2026-07-21 15:00:00,0.0,37.59509210817274,37.59509210817274
2026-07-21 15:30:00,0.0,37.54875542776968,37.54875542776968
2026-07-21 16:00:00,0.0,37.512168676584686,37.512168676584686
2026-07-21 16:30:00,0.0,37.485761266585705,37.485761266585705
2026-07-21 17:00:00,0.0,37.46983742289023,37.46983742289023
2026-07-21 17:30:00,0.0,37.46457122160747,37.46457122160747
2026-07-21 18:00:00,0.0,37.47000363896786,37.47000363896786
2026-07-21 18:30:00,0.0,37.48604212375549,37.48604212375549
2026-07-21 19:00:00,0.0,37.512462976463674,37.512462976463674
2026-07-21 19:30:00,0.0,37.54891594913239,37.54891594913239
2026-07-21 20:00:00,0.0,37.594930825548,37.594930825548
2026-07-21 20:30:00,0.0,37.6499254606617,37.6499254606617
2026-07-21 21:00:00,0.0,37.713215414323756,37.713215414323756
2026-07-21 21:30:00,0.0,37.78402521505254,37.78402521505254
2026-07-21 22:00:00,0.0,37.86150103669067,37.86150103669067
2026-07-21 22:30:00,0.0,37.9447253317412,37.9447253317412
2026-07-21 23:00:00,0.0,38.032732855140885,38.032732855140885
2026-07-21 23:30:00,0.0,38.12452646822807,38.12452646822807
2026-07-22 00:00:00,0.0,38.219092331415595,38.219092331415595
2026-07-22 00:30:00,0.0,38.3132117253834,38.3132117253834
2026-07-22 01:00:00,0.0,38.40771697001965,38.40771697001965
2026-07-22 01:30:00,0.0,38.505049901055294,38.505049901055294
2026-07-22 02:00:00,0.0,38.605767242128906,38.605767242128906
2026-07-22 02:30:00,0.0,38.70729810699209,38.70729810699209
2026-07-22 03:00:00,0.0,38.807836023780595,38.807836023780595
2026-07-22 03:30:00,0.0,38.90615978631938,38.90615978631938
2026-07-22 04:00:00,0.0,39.001392650348606,39.001392650348606
2026-07-22 04:30:00,0.0,39.09289355006699,39.09289355006699
2026-07-22 05:00:00,0.0,39.180162810117466,39.180162810117466
2026-07-22 05:30:00,0.0,39.26281115407417,39.26281115407417
2026-07-22 06:00:00,0.0,39.340549646806416,39.340549646806416
2026-07-22 06:30:00,0.0,39.413149764286395,39.413149764286395
2026-07-22 07:00:00,0.0,39.480468568750744,39.480468568750744
2026-07-22 07:30:00,0.0,39.54232889601674,39.54232889601674
2026-07-22 08:00:00,0.0,39.5986376436794,39.5986376436794
2026-07-22 08:30:00,0.0,39.64952879486468,39.64952879486468
2026-07-22 09:00:00,0.0,39.6952753658025,39.6952753658025
2026-07-22 09:30:00,0.0,39.73623725374168,39.73623725374168
2026-07-22 10:00:00,0.0,39.77283637643005,39.77283637643005
2026-07-22 10:30:00,0.0,39.80555610363388,39.80555610363388
2026-07-22 11:00:00,0.0,39.8349364648967,39.8349364648967
2026-07-22 11:30:00,0.0,39.86156350206426,39.86156350206426
2026-07-22 12:00:00,0.0,39.88605523958487,39.88605523958487
2026-07-22 12:30:00,0.0,39.90904175340411,39.90904175340411
2026-07-22 13:00:00,0.0,39.93115066005066,39.93115066005066
2026-07-22 13:30:00,0.0,39.95298555960576,39.95298555960576
2026-07-22 14:00:00,0.0,39.975110393611146,39.975110393611146
2026-07-22 14:30:00,0.0,39.9980396535627,39.9980396535627
2026-07-22 15:00:00,0.0,40.02222723957405,40.02222723957405
2026-07-22 15:30:00,0.0,40.048055909859826,40.048055909859826
2026-07-22 16:00:00,0.0,40.07582793666952,40.07582793666952
2026-07-22 16:30:00,0.0,40.10575711256975,40.10575711256975
2026-07-22 17:00:00,0.0,40.1379625607002,40.1379625607002
2026-07-22 17:30:00,0.0,40.17246464835592,40.17246464835592
2026-07-22 18:00:00,0.0,40.209183040625696,40.209183040625696
2026-07-22 18:30:00,0.0,40.24793647382199,40.24793647382199
2026-07-22 19:00:00,0.0,40.28844445342771,40.28844445342771
2026-07-22 19:30:00,0.0,40.33033070659481,40.33033070659481
2026-07-22 20:00:00,0.0,40.3731283960266,40.3731283960266
2026-07-22 20:30:00,0.0,40.41628717200639,40.41628717200639
2026-07-22 21:00:00,0.0,40.45918196597463,40.45918196597463
2026-07-22 21:30:00,0.0,40.501123414756094,40.501123414756094
2026-07-22 22:00:00,0.0,40.54136972447087,40.54136972447087
2026-07-22 22:30:00,0.0,40.57913967467233,40.57913967467233
2026-07-22 23:00:00,0.0,40.61362648352377,40.61362648352377
2026-07-22 23:30:00,0.0,40.64401230959264,40.64401230959264
2026-07-23 00:00:00,0.0,40.66948317739088,40.66948317739088
2026-07-23 00:30:00,0.0,40.6863729998613,40.6863729998613
2026-07-23 01:00:00,0.0,40.69524334958729,40.69524334958729
2026-07-23 01:30:00,0.0,40.6963393978475,40.6963393978475
2026-07-23 02:00:00,0.0,40.689775971790446,40.689775971790446
2026-07-23 02:30:00,0.0,40.67520784781272,40.67520784781272
2026-07-23 03:00:00,0.0,40.65237340103507,40.65237340103507
2026-07-23 03:30:00,0.0,40.62093034888115,40.62093034888115
2026-07-23 04:00:00,0.0,40.58053712043066,40.58053712043066
2026-07-23 04:30:00,0.0,40.53099048168329,40.53099048168329
2026-07-23 05:00:00,0.0,40.47220804674321,40.47220804674321
2026-07-23 05:30:00,0.0,40.4042163665266,40.4042163665266
2026-07-23 06:00:00,0.0,40.32714416910259,40.32714416910259
2026-07-23 06:30:00,0.0,40.24119504974673,40.24119504974673
2026-07-23 07:00:00,0.0,40.146712050632935,40.146712050632935
2026-07-23 07:30:00,0.0,40.04422537648521,40.04422537648521
2026-07-23 08:00:00,0.0,39.93440343073277,39.93440343073277
2026-07-23 08:30:00,0.0,39.81796007333142,39.81796007333142
2026-07-23 09:00:00,0.0,39.69565550950904,39.69565550950904
2026-07-23 09:30:00,0.0,39.56830392503148,39.56830392503148
2026-07-23 10:00:00,0.0,39.43677194373121,39.43677194373121
2026-07-23 10:30:00,0.0,39.30197162587682,39.30197162587682
2026-07-23 11:00:00,0.0,39.1648502064147,39.1648502064147
2026-07-23 11:30:00,0.0,39.02638002676169,39.02638002676169
2026-07-23 12:00:00,0.0,38.88754760561605,38.88754760561605
2026-07-23 12:30:00,0.0,38.7493402587467,38.7493402587467
2026-07-23 13:00:00,0.0,38.612732427518154,38.612732427518154
2026-07-23 13:30:00,0.0,38.478666056746334,38.478666056746334
2026-07-23 14:00:00,0.0,38.348036211708944,38.348036211708944
2026-07-23 14:30:00,0.0,38.22168303244194,38.22168303244194
2026-07-23 15:00:00,0.0,38.100381373932954,38.100381373932954
2026-07-23 15:30:00,0.0,37.984829794261444,37.984829794261444
2026-07-23 16:00:00,0.0,37.875640280687016,37.875640280687016
2026-07-23 16:30:00,0.0,37.773329808895255,37.773329808895255
2026-07-23 17:00:00,0.0,37.678313803259684,37.678313803259684
2026-07-23 17:30:00,0.0,37.59090147894155,37.59090147894155
2026-07-23 18:00:00,0.0,37.51129307342078,37.51129307342078
2026-07-23 18:30:00,0.0,37.43957871060182,37.43957871060182
2026-07-23 19:00:00,0.0,37.37573929931087,37.37573929931087
2026-07-23 19:30:00,0.0,37.31964921707052,37.31964921707052
2026-07-23 20:00:00,0.0,37.271080816781605,37.271080816781605
2026-07-23 20:30:00,0.0,37.22971076621073,37.22971076621073
2026-07-23 21:00:00,0.0,37.195128066900836,37.195128066900836
2026-07-23 21:30:00,0.0,37.166843584483416,37.166843584483416
2026-07-23 22:00:00,0.0,37.14430090190574,37.14430090190574
2026-07-23 22:30:00,0.0,37.12688828467019,37.12688828467019
2026-07-23 23:00:00,0.0,37.11395154032704,37.11395154032704
2026-07-23 23:30:00,0.0,37.10480754863936,37.10480754863936
2026-07-24 00:00:00,0.0,37.09875822699358,37.09875822699358
2026-07-24 00:30:00,0.0,37.093728477155494,37.093728477155494
2026-07-24 01:00:00,0.0,37.08885100456288,37.08885100456288
2026-07-24 01:30:00,0.0,37.08125484606705,37.08125484606705
2026-07-24 02:00:00,0.0,37.06980541407472,37.06980541407472
2026-07-24 02:30:00,0.0,37.05594835056301,37.05594835056301
2026-07-24 03:00:00,0.0,37.04050621310025,37.04050621310025
2026-07-24 03:30:00,0.0,37.02366141771961,37.02366141771961
2026-07-24 04:00:00,0.0,37.0053048759211,37.0053048759211
2026-07-24 04:30:00,0.0,36.98532063884738,36.98532063884738
2026-07-24 05:00:00,0.0,36.96366069486688,36.96366069486688
2026-07-24 05:30:00,0.0,36.9403617714333,36.9403617714333
2026-07-24 06:00:00,0.0,36.91554618821826,36.91554618821826
2026-07-24 06:30:00,0.0,36.88942569392055,36.88942569392055
2026-07-24 07:00:00,0.0,36.8623537029569,36.8623537029569
2026-07-24 07:30:00,0.0,36.83500060037016,36.83500060037016
2026-07-24 08:00:00,0.0,36.80816964543095,36.80816964543095
2026-07-24 08:30:00,0.0,36.78253289933789,36.78253289933789
2026-07-24 09:00:00,0.0,36.75871438372472,36.75871438372472
2026-07-24 09:30:00,0.0,36.73734517110865,36.73734517110865
2026-07-24 10:00:00,0.0,36.7190791888914,36.7190791888914
2026-07-24 10:30:00,0.0,36.70457739108335,36.70457739108335
2026-07-24 11:00:00,0.0,36.694491626073926,36.694491626073926
2026-07-24 11:30:00,0.0,36.68945427379327,36.68945427379327
2026-07-24 12:00:00,0.0,36.69006997632963,36.69006997632963
2026-07-24 12:30:00,0.0,36.696910123372064,36.696910123372064
2026-07-24 13:00:00,0.0,36.71050161245586,36.71050161245586
2026-07-24 13:30:00,0.0,36.73131549831975,36.73131549831975
2026-07-24 14:00:00,0.0,36.75975679313076,36.75975679313076
2026-07-24 14:30:00,0.0,36.79615708877141,36.79615708877141
2026-07-24 15:00:00,0.0,36.840766602383155,36.840766602383155
2026-07-24 15:30:00,0.0,36.89374590761888,36.89374590761888
2026-07-24 16:00:00,0.0,36.955158567213445,36.955158567213445
2026-07-24 16:30:00,0.0,37.024965934623296,37.024965934623296
2026-07-24 17:00:00,0.0,37.10302379934855,37.10302379934855
2026-07-24 17:30:00,0.0,37.18908059141043,37.18908059141043
2026-07-24 18:00:00,0.0,37.28277713875596,37.28277713875596
2026-07-24 18:30:00,0.0,37.38364806582351,37.38364806582351
2026-07-24 19:00:00,0.0,37.49112508627205,37.49112508627205
2026-07-24 19:30:00,0.0,37.60454201023664,37.60454201023664
2026-07-24 20:00:00,0.0,37.72314145766832,37.72314145766832
2026-07-24 20:30:00,0.0,37.846083169607084,37.846083169607084
2026-07-24 21:00:00,0.0,37.97245375042308,37.97245375042308
2026-07-24 21:30:00,0.0,38.10127765384098,38.10127765384098
2026-07-24 22:00:00,0.0,38.23152926133397,38.23152926133397
2026-07-24 22:30:00,0.0,38.362145924563656,38.362145924563656
2026-07-24 23:00:00,0.0,38.49204178906943,38.49204178906943
2026-07-24 23:30:00,0.0,38.62012218642508,38.62012218642508
2026-07-25 00:00:00,0.0,38.74529836120939,38.74529836120939
2026-07-25 00:30:00,0.0,38.86765722387689,38.86765722387689
2026-07-25 01:00:00,0.0,38.98461673843284,38.98461673843284
2026-07-25 01:30:00,0.0,39.091476749760474,39.091476749760474
2026-07-25 02:00:00,0.0,39.185907368942765,39.185907368942765
2026-07-25 02:30:00,0.0,39.269340782821615,39.269340782821615
2026-07-25 03:00:00,0.0,39.342442028818354,39.342442028818354
2026-07-25 03:30:00,0.0,39.40525984021957,39.40525984021957
2026-07-25 04:00:00,0.0,39.45758674994828,39.45758674994828
2026-07-25 04:30:00,0.0,39.499181915823556,39.499181915823556
2026-07-25 05:00:00,0.0,39.52988606379618,39.52988606379618
2026-07-25 05:30:00,0.0,39.5496571235294,39.5496571235294
2026-07-25 06:00:00,0.0,39.55857934404985,39.55857934404985
2026-07-25 06:30:00,0.0,39.55689514737282,39.55689514737282
2026-07-25 07:00:00,0.0,39.54500387993383,39.54500387993383
2026-07-25 07:30:00,0.0,39.52362931937805,39.52362931937805
2026-07-25 08:00:00,0.0,39.49363414950279,39.49363414950279
2026-07-25 08:30:00,0.0,39.45577700282597,39.45577700282597
2026-07-25 09:00:00,0.0,39.41080747866522,39.41080747866522
2026-07-25 09:30:00,0.0,39.35951816256985,39.35951816256985
2026-07-25 10:00:00,0.0,39.302755742289115,39.302755742289115
2026-07-25 10:30:00,0.0,39.24139722558008,39.24139722558008
2026-07-25 11:00:00,0.0,39.176328320181966,39.176328320181966
2026-07-25 11:30:00,0.0,39.10842830043923,39.10842830043923
2026-07-25 12:00:00,0.0,39.0385580444731,39.0385580444731
2026-07-25 12:30:00,0.0,38.96755387138354,38.96755387138354
2026-07-25 13:00:00,0.0,38.89621466155279,38.89621466155279
2026-07-25 13:30:00,0.0,38.82529512881648,38.82529512881648
2026-07-25 14:00:00,0.0,38.75549581219884,38.75549581219884
2026-07-25 14:30:00,0.0,38.68745093812187,38.68745093812187
2026-07-25 15:00:00,0.0,38.6217187181711,38.6217187181711
2026-07-25 15:30:00,0.0,38.55877288678464,38.55877288678464
2026-07-25 16:00:00,0.0,38.4989957316042,38.4989957316042
2026-07-25 16:30:00,0.0,38.442673215119136,38.442673215119136
2026-07-25 17:00:00,0.0,38.389991810637376,38.389991810637376
2026-07-25 17:30:00,0.0,38.34103679457896,38.34103679457896
2026-07-25 18:00:00,0.0,38.29579203323173,38.29579203323173
2026-07-25 18:30:00,0.0,38.25414165569269,38.25414165569269
2026-07-25 19:00:00,0.0,38.21587352134965,38.21587352134965
2026-07-25 19:30:00,0.0,38.18068447421039,38.18068447421039
2026-07-25 20:00:00,0.0,38.14818727722276,38.14818727722276
2026-07-25 20:30:00,0.0,38.11791899989466,38.11791899989466
2026-07-25 21:00:00,0.0,38.094176712522795,38.094176712522795
2026-07-25 21:30:00,0.0,38.08003962182068,38.08003962182068
2026-07-25 22:00:00,0.0,38.072248924668045,38.072248924668045
2026-07-25 22:30:00,0.0,38.068404918958166,38.068404918958166
2026-07-25 23:00:00,0.0,38.06682846661868,38.06682846661868
2026-07-25 23:30:00,0.0,38.06632283871477,38.06632283871477
2026-07-26 00:00:00,0.0,38.06587443256451,38.06587443256451
2026-07-26 00:30:00,0.0,38.068818410024605,38.068818410024605
2026-07-26 01:00:00,0.0,38.072084924531964,38.072084924531964
2026-07-26 01:30:00,0.0,38.0725576806862,38.0725576806862
2026-07-26 02:00:00,0.0,38.06816550825424,38.06816550825424
2026-07-26 02:30:00,0.0,38.059028642251306,38.059028642251306
2026-07-26 03:00:00,0.0,38.045033444523504,38.045033444523504
2026-07-26 03:30:00,0.0,38.02609742106731,38.02609742106731
2026-07-26 04:00:00,0.0,38.002146701423065,38.002146701423065
2026-07-26 04:30:00,0.0,37.973116345300056,37.973116345300056
2026-07-26 05:00:00,0.0,37.93900034746186,37.93900034746186
2026-07-26 05:30:00,0.0,37.89987999681858,37.89987999681858
2026-07-26 06:00:00,0.0,37.855954133953944,37.855954133953944
2026-07-26 06:30:00,0.0,37.807537392419974,37.807537392419974
2026-07-26 07:00:00,0.0,37.755089755525276,37.755089755525276
2026-07-26 07:30:00,0.0,37.699221155641794,37.699221155641794
2026-07-26 08:00:00,0.0,37.64063844916368,37.64063844916368
2026-07-26 08:30:00,0.0,37.580090527432056,37.580090527432056
2026-07-26 09:00:00,0.0,37.518387013754,37.518387013754
2026-07-26 09:30:00,0.0,37.45639763241899,37.45639763241899
2026-07-26 10:00:00,0.0,37.395047246889874,37.395047246889874
2026-07-26 10:30:00,0.0,37.335299233047614,37.335299233047614
2026-07-26 11:00:00,0.0,37.27813336224844,37.27813336224844
2026-07-26 11:30:00,0.0,37.22452202369638,37.22452202369638
2026-07-26 12:00:00,0.0,37.17540930174447,37.17540930174447
2026-07-26 12:30:00,0.0,37.13168899274645,37.13168899274645
2026-07-26 13:00:00,0.0,37.09419132201087,37.09419132201087
2026-07-26 13:30:00,0.0,37.06367511916878,37.06367511916878
2026-07-26 14:00:00,0.0,37.04081602360182,37.04081602360182
2026-07-26 14:30:00,0.0,37.026190015934105,37.026190015934105
2026-07-26 15:00:00,0.0,37.02026186224679,37.02026186224679
2026-07-26 15:30:00,0.0,37.02337653058615,37.02337653058615
2026-07-26 16:00:00,0.0,37.035753246888106,37.035753246888106
2026-07-26 16:30:00,0.0,37.057482079850466,37.057482079850466
2026-07-26 17:00:00,0.0,37.08852274277631,37.08852274277631
2026-07-26 17:30:00,0.0,37.12870540079104,37.12870540079104
2026-07-26 18:00:00,0.0,37.177733458597665,37.177733458597665
2026-07-26 18:30:00,0.0,37.23518859263251,37.23518859263251
2026-07-26 19:00:00,0.0,37.30053769107868,37.30053769107868
2026-07-26 19:30:00,0.0,37.37314182045425,37.37314182045425
2026-07-26 20:00:00,0.0,37.452267014046264,37.452267014046264
2026-07-26 20:30:00,0.0,37.5370966322118,37.5370966322118
2026-07-26 21:00:00,0.0,37.6267124350269,37.6267124350269
2026-07-26 21:30:00,0.0,37.72007922813751,37.72007922813751
2026-07-26 22:00:00,0.0,37.81596000440388,37.81596000440388
2026-07-26 22:30:00,0.0,37.91290218015659,37.91290218015659
2026-07-26 23:00:00,0.0,38.00947431382523,38.00947431382523
2026-07-26 23:30:00,0.0,38.104398212110226,38.104398212110226
2026-07-27 00:00:00,0.0,38.19695372438782,38.19695372438782
2026-07-27 00:30:00,0.0,38.28867989134549,38.28867989134549
2026-07-27 01:00:00,0.0,38.37810483601487,38.37810483601487
2026-07-27 01:30:00,0.0,38.46506836862975,38.46506836862975
2026-07-27 02:00:00,0.0,38.54864434975668,38.54864434975668
2026-07-27 02:30:00,0.0,38.626912761762156,38.626912761762156
2026-07-27 03:00:00,0.0,38.69844457918923,38.69844457918923
2026-07-27 03:30:00,0.0,38.76242263002258,38.76242263002258
2026-07-27 04:00:00,0.0,38.81840965810532,38.81840965810532
2026-07-27 04:30:00,0.0,38.86611642728963,38.86611642728963
2026-07-27 05:00:00,0.0,38.90537447460433,38.90537447460433
2026-07-27 05:30:00,0.0,38.936137853106295,38.936137853106295
2026-07-27 06:00:00,0.0,38.95849616982166,38.95849616982166
2026-07-27 06:30:00,0.0,38.972683174820155,38.972683174820155
2026-07-27 07:00:00,0.0,38.97900373403024,38.97900373403024
2026-07-27 07:30:00,0.0,38.9776983855393,38.9776983855393
2026-07-27 08:00:00,0.0,38.96905496656658,38.96905496656658
2026-07-27 08:30:00,0.0,38.953585431467864,38.953585431467864
2026-07-27 09:00:00,0.0,38.93195712735271,38.93195712735271
2026-07-27 09:30:00,0.0,38.90493456853836,38.90493456853836
2026-07-27 10:00:00,0.0,38.87558771313384,38.87558771313384
2026-07-27 10:30:00,0.0,38.84552512166533,38.84552512166533
2026-07-27 11:00:00,0.0,38.815265056665275,38.815265056665275
2026-07-27 11:30:00,0.0,38.7854944972728,38.7854944972728
2026-07-27 12:00:00,0.0,38.75704411976631,38.75704411976631
2026-07-27 12:30:00,0.0,38.73079964635005,38.73079964635005
2026-07-27 13:00:00,0.0,38.707615660555355,38.707615660555355
2026-07-27 13:30:00,0.0,38.68828408951382,38.68828408951382
2026-07-27 14:00:00,0.0,38.6735104610638,38.6735104610638
2026-07-27 14:30:00,0.0,38.663895817671246,38.663895817671246
2026-07-27 15:00:00,0.0,38.659930579084744,38.659930579084744
2026-07-27 15:30:00,0.0,38.6619899218846,38.6619899218846
2026-07-27 16:00:00,0.0,38.670366238011134,38.670366238011134
2026-07-27 16:30:00,0.0,38.685238608195306,38.685238608195306
2026-07-27 17:00:00,0.0,38.70665487501661,38.70665487501661
2026-07-27 17:30:00,0.0,38.734532984783854,38.734532984783854
2026-07-27 18:00:00,0.0,38.768656793524414,38.768656793524414
2026-07-27 18:30:00,0.0,38.808679932038466,38.808679932038466
2026-07-27 19:00:00,0.0,38.85413645057263,38.85413645057263
2026-07-27 19:30:00,0.0,38.904452422853375,38.904452422853375
2026-07-27 20:00:00,0.0,38.95895727398251,38.95895727398251
2026-07-27 20:30:00,0.0,39.01689565013066,39.01689565013066
2026-07-27 21:00:00,0.0,39.077448367538025,39.077448367538025
2026-07-27 21:30:00,0.0,39.13974797296814,39.13974797296814
2026-07-27 22:00:00,0.0,39.20288434753383,39.20288434753383
2026-07-27 22:30:00,0.0,39.26591945781149,39.26591945781149
2026-07-27 23:00:00,0.0,39.327902361287244,39.327902361287244
2026-07-27 23:30:00,0.0,39.38788344501636,39.38788344501636
2026-07-28 00:00:00,0.0,39.44492639100787,39.44492639100787
2026-07-28 00:30:00,0.0,39.49686820912616,39.49686820912616
2026-07-28 01:00:00,0.0,39.5441624321964,39.5441624321964
2026-07-28 01:30:00,0.0,39.58893667065956,39.58893667065956
2026-07-28 02:00:00,0.0,39.631530627256794,39.631530627256794
2026-07-28 02:30:00,0.0,39.669140372585275,39.669140372585275
2026-07-28 03:00:00,0.0,39.699878205002534,39.699878205002534
2026-07-28 03:30:00,0.0,39.72261156828215,39.72261156828215
2026-07-28 04:00:00,0.0,39.736689771541435,39.736689771541435
2026-07-28 04:30:00,0.0,39.7417613251225,39.7417613251225
2026-07-28 05:00:00,0.0,39.73768981221879,39.73768981221879
2026-07-28 05:30:00,0.0,39.72451162788628,39.72451162788628
2026-07-28 06:00:00,0.0,39.70241757828954,39.70241757828954
2026-07-28 06:30:00,0.0,39.671747510326426,39.671747510326426
2026-07-28 07:00:00,0.0,39.632914721045594,39.632914721045594
2026-07-28 07:30:00,0.0,39.586243847858995,39.586243847858995
2026-07-28 08:00:00,0.0,39.5321274200369,39.5321274200369
2026-07-28 08:30:00,0.0,39.471269867453046,39.471269867453046
2026-07-28 09:00:00,0.0,39.40456806198844,39.40456806198844
2026-07-28 09:30:00,0.0,39.3330316041068,39.3330316041068
2026-07-28 10:00:00,0.0,39.257723132795476,39.257723132795476
2026-07-28 10:30:00,0.0,39.17973507402757,39.17973507402757
2026-07-28 11:00:00,0.0,39.10012188492258,39.10012188492258
2026-07-28 11:30:00,0.0,39.019883585602585,39.019883585602585
2026-07-28 12:00:00,0.0,38.940014681403454,38.940014681403454
2026-07-28 12:30:00,0.0,38.86150179288968,38.86150179288968
2026-07-28 13:00:00,0.0,38.78530118496463,38.78530118496463
2026-07-28 13:30:00,0.0,38.712318303815664,38.712318303815664
2026-07-28 14:00:00,0.0,38.64338893468744,38.64338893468744
2026-07-28 14:30:00,0.0,38.57926298427454,38.57926298427454
2026-07-28 15:00:00,0.0,38.52059182448218,38.52059182448218
2026-07-28 15:30:00,0.0,38.46791965841429,38.46791965841429
2026-07-28 16:00:00,0.0,38.42167562405668,38.42167562405668
2026-07-28 16:30:00,0.0,38.382167975826285,38.382167975826285
2026-07-28 17:00:00,0.0,38.34957958650106,38.34957958650106
2026-07-28 17:30:00,0.0,38.32396570123499,38.32396570123499
2026-07-28 18:00:00,0.0,38.30525487952095,38.30525487952095
2026-07-28 18:30:00,0.0,38.29325232938615,38.29325232938615
2026-07-28 19:00:00,0.0,38.287645814484634,38.287645814484634
2026-07-28 19:30:00,0.0,38.28801382213712,38.28801382213712
2026-07-28 20:00:00,0.0,38.29383521004148,38.29383521004148
2026-07-28 20:30:00,0.0,38.30450008104829,38.30450008104829
2026-07-28 21:00:00,0.0,38.319322017850126,38.319322017850126
2026-07-28 21:30:00,0.0,38.33755184475456,38.33755184475456
2026-07-28 22:00:00,0.0,38.358392926573345,38.358392926573345
2026-07-28 22:30:00,0.0,38.381017510183256,38.381017510183256
2026-07-28 23:00:00,0.0,38.40458303792347,38.40458303792347
2026-07-28 23:30:00,0.0,38.42824776735267,38.42824776735267
2026-07-29 00:00:00,0.0,38.451186359282076,38.451186359282076
2026-07-29 00:30:00,0.0,38.47048353845753,38.47048353845753
2026-07-29 01:00:00,0.0,38.487671256530675,38.487671256530675
2026-07-29 01:30:00,0.0,38.50573405970124,38.50573405970124
2026-07-29 02:00:00,0.0,38.525691712080054,38.525691712080054
2026-07-29 02:30:00,0.0,38.54537088805431,38.54537088805431
2026-07-29 03:00:00,0.0,38.56334643067826,38.56334643067826
2026-07-29 03:30:00,0.0,38.57874321700361,38.57874321700361
2026-07-29 04:00:00,0.0,38.59098910238913,38.59098910238913
2026-07-29 04:30:00,0.0,38.59971374020188,38.59971374020188
2026-07-29 05:00:00,0.0,38.60466049637173,38.60466049637173
2026-07-29 05:30:00,0.0,38.605658644692205,38.605658644692205
2026-07-29 06:00:00,0.0,38.60261539380809,38.60261539380809
2026-07-29 06:30:00,0.0,38.59547915382265,38.59547915382265
2026-07-29 07:00:00,0.0,38.584274458541884,38.584274458541884
2026-07-29 07:30:00,0.0,38.56897974056362,38.56897974056362
2026-07-29 08:00:00,0.0,38.54964617620651,38.54964617620651
2026-07-29 08:30:00,0.0,38.526540862878754,38.526540862878754
2026-07-29 09:00:00,0.0,38.50005830808479,38.50005830808479
2026-07-29 09:30:00,0.0,38.47066970268475,38.47066970268475
2026-07-29 10:00:00,0.0,38.43890155495473,38.43890155495473
2026-07-29 10:30:00,0.0,38.405336198308326,38.405336198308326
2026-07-29 11:00:00,0.0,38.37060844769164,38.37060844769164
2026-07-29 11:30:00,0.0,38.335396766839985,38.335396766839985
2026-07-29 12:00:00,0.0,38.300410214545686,38.300410214545686
2026-07-29 12:30:00,0.0,38.26636929197128,38.26636929197128
2026-07-29 13:00:00,0.0,38.23399249310411,38.23399249310411
2026-07-29 13:30:00,0.0,38.2039760519453,38.2039760519453
2026-07-29 14:00:00,0.0,38.17697976166116,38.17697976166116
2026-07-29 14:30:00,0.0,38.15361825956439,38.15361825956439
2026-07-29 15:00:00,0.0,38.13445022688969,38.13445022688969
2026-07-29 15:30:00,0.0,38.119967725725544,38.119967725725544
2026-07-29 16:00:00,0.0,38.11058668752073,38.11058668752073
2026-07-29 16:30:00,0.0,38.10663851844946,38.10663851844946
2026-07-29 17:00:00,0.0,38.10836333083722,38.10836333083722
2026-07-29 17:30:00,0.0,38.11590513738129,38.11590513738129
2026-07-29 18:00:00,0.0,38.12930890105673,38.12930890105673
2026-07-29 18:30:00,0.0,38.14851903310713,38.14851903310713
2026-07-29 19:00:00,0.0,38.17337962741608,38.17337962741608
2026-07-29 19:30:00,0.0,38.20363632286867,38.20363632286867
2026-07-29 20:00:00,0.0,38.23893987806744,38.23893987806744
2026-07-29 20:30:00,0.0,38.27885155687668,38.27885155687668
2026-07-29 21:00:00,0.0,38.32285022239701,38.32285022239701
2026-07-29 21:30:00,0.0,38.37034100194805,38.37034100194805
2026-07-29 22:00:00,0.0,38.420665275438935,38.420665275438935
2026-07-29 22:30:00,0.0,38.47311168958075,38.47311168958075
2026-07-29 23:00:00,0.0,38.52692802548047,38.52692802548047
2026-07-29 23:30:00,0.0,38.58133379336302,38.58133379336302
2026-07-30 00:00:00,0.0,38.63553339817582,38.63553339817582
2026-07-30 00:30:00,0.0,38.685857301920265,38.685857301920265
2026-07-30 01:00:00,0.0,38.732838611910886,38.732838611910886
2026-07-30 01:30:00,0.0,38.77666367816303,38.77666367816303
2026-07-30 02:00:00,0.0,38.817346143347464,38.817346143347464
2026-07-30 02:30:00,0.0,38.85439823490289,38.85439823490289
2026-07-30 03:00:00,0.0,38.887386688506126,38.887386688506126
2026-07-30 03:30:00,0.0,38.915775788990175,38.915775788990175
2026-07-30 04:00:00,0.0,38.93901354614289,38.93901354614289
2026-07-30 04:30:00,0.0,38.95667248375833,38.95667248375833
2026-07-30 05:00:00,0.0,38.968434495368086,38.968434495368086
2026-07-30 05:30:00,0.0,38.97408082641001,38.97408082641001
2026-07-30 06:00:00,0.0,38.97348687577444,38.97348687577444
2026-07-30 06:30:00,0.0,38.9665960828943,38.9665960828943
2026-07-30 07:00:00,0.0,38.95348554667463,38.95348554667463
2026-07-30 07:30:00,0.0,38.93441431049838,38.93441431049838
2026-07-30 08:00:00,0.0,38.90977452003821,38.90977452003821
2026-07-30 08:30:00,0.0,38.87999879663336,38.87999879663336
2026-07-30 09:00:00,0.0,38.8455615503123,38.8455615503123
2026-07-30 09:30:00,0.0,38.80698730371877,38.80698730371877
2026-07-30 10:00:00,0.0,38.76485022218432,38.76485022218432
2026-07-30 10:30:00,0.0,38.71976858802617,38.71976858802617
2026-07-30 11:00:00,0.0,38.672396431061344,38.672396431061344
2026-07-30 11:30:00,0.0,38.62341556538182,38.62341556538182
2026-07-30 12:00:00,0.0,38.57352652587252,38.57352652587252
2026-07-30 12:30:00,0.0,38.52343671468098,38.52343671468098
2026-07-30 13:00:00,0.0,38.4738479989044,38.4738479989044
2026-07-30 13:30:00,0.0,38.425438149195216,38.425438149195216
2026-07-30 14:00:00,0.0,38.37884735616482,38.37884735616482
2026-07-30 14:30:00,0.0,38.33467096185267,38.33467096185267
2026-07-30 15:00:00,0.0,38.293449783240575,38.293449783240575
2026-07-30 15:30:00,0.0,38.25565970508609,38.25565970508609
2026-07-30 16:00:00,0.0,38.22170192688394,38.22170192688394
2026-07-30 16:30:00,0.0,38.19189496917592,38.19189496917592
2026-07-30 17:00:00,0.0,38.16646850988398,38.16646850988398
2026-07-30 17:30:00,0.0,38.145559020613724,38.145559020613724
2026-07-30 18:00:00,0.0,38.12920719761954,38.12920719761954
2026-07-30 18:30:00,0.0,38.117356920135734,38.117356920135734
2026-07-30 19:00:00,0.0,38.109856127773114,38.109856127773114
2026-07-30 19:30:00,0.0,38.10645936138607,38.10645936138607
2026-07-30 20:00:00,0.0,38.10683200664098,38.10683200664098
2026-07-30 20:30:00,0.0,38.11055625986499,38.11055625986499
2026-07-30 21:00:00,0.0,38.11713867859324,38.11713867859324
2026-07-30 21:30:00,0.0,38.12601916921335,38.12601916921335
2026-07-30 22:00:00,0.0,38.136581246480944,38.136581246480944
2026-07-30 22:30:00,0.0,38.14816338081268,38.14816338081268
2026-07-30 23:00:00,0.0,38.16007124178621,38.16007124178621
2026-07-30 23:30:00,0.0,38.17159063480645,38.17159063480645
2026-07-31 00:00:00,0.0,38.1820009102588,38.1820009102588
2026-07-31 00:30:00,0.0,38.189212402974505,38.189212402974505
2026-07-31 01:00:00,0.0,38.19235089677822,38.19235089677822
2026-07-31 01:30:00,0.0,38.18854535741191,38.18854535741191
2026-07-31 02:00:00,0.0,38.17666734708766,38.17666734708766
2026-07-31 02:30:00,0.0,38.15817439924219,38.15817439924219
2026-07-31 03:00:00,0.0,38.13390632394826,38.13390632394826
2026-07-31 03:30:00,0.0,38.10406799233035,38.10406799233035
2026-07-31 04:00:00,0.0,38.06857804063465,38.06857804063465
2026-07-31 04:30:00,0.0,38.027353761904436,38.027353761904436
2026-07-31 05:00:00,0.0,37.9803863222464,37.9803863222464
2026-07-31 05:30:00,0.0,37.927758112776885,37.927758112776885
2026-07-31 06:00:00,0.0,37.86964425044187,37.86964425044187
2026-07-31 06:30:00,0.0,37.80631714293308,37.80631714293308
2026-07-31 07:00:00,0.0,37.738199530237935,37.738199530237935
2026-07-31 07:30:00,0.0,37.66604060542272,37.66604060542272
2026-07-31 08:00:00,0.0,37.5907327175406,37.5907327175406
2026-07-31 08:30:00,0.0,37.51304804288894,37.51304804288894
2026-07-31 09:00:00,0.0,37.433722391358764,37.433722391358764
2026-07-31 09:30:00,0.0,37.35351081139284,37.35351081139284
2026-07-31 10:00:00,0.0,37.273203740118475,37.273203740118475
2026-07-31 10:30:00,0.0,37.19361133021111,37.19361133021111
2026-07-31 11:00:00,0.0,37.11554725961432,37.11554725961432
2026-07-31 11:30:00,0.0,37.03981809075022,37.03981809075022
2026-07-31 12:00:00,0.0,36.96721453194715,36.96721453194715
2026-07-31 12:30:00,0.0,36.89850529771954,36.89850529771954
2026-07-31 13:00:00,0.0,36.8344251160367,36.8344251160367
2026-07-31 13:30:00,0.0,36.77566251770593,36.77566251770593
2026-07-31 14:00:00,0.0,36.72284868362303,36.72284868362303
2026-07-31 14:30:00,0.0,36.67654903374223,36.67654903374223
2026-07-31 15:00:00,0.0,36.6372541740375,36.6372541740375
2026-07-31 15:30:00,0.0,36.605370480240936,36.605370480240936
2026-07-31 16:00:00,0.0,36.58121155026487,36.58121155026487
2026-07-31 16:30:00,0.0,36.564991808791255,36.564991808791255
2026-07-31 17:00:00,0.0,36.55682195367757,36.55682195367757
2026-07-31 17:30:00,0.0,36.55709981866143,36.55709981866143
2026-07-31 18:00:00,0.0,36.56820023661539,36.56820023661539
2026-07-31 18:30:00,0.0,36.58876018511593,36.58876018511593
2026-07-31 19:00:00,0.0,36.61764908818249,36.61764908818249
2026-07-31 19:30:00,0.0,36.65390629757711,36.65390629757711
2026-07-31 20:00:00,0.0,36.696688306770774,36.696688306770774
2026-07-31 20:30:00,0.0,36.745152859188934,36.745152859188934
2026-07-31 21:00:00,0.0,36.798405404702585,36.798405404702585
2026-07-31 21:30:00,0.0,36.85550604519268,36.85550604519268
2026-07-31 22:00:00,0.0,36.91546885723306,36.91546885723306
2026-07-31 22:30:00,0.0,36.97760366564606,36.97760366564606
2026-07-31 23:00:00,0.0,37.041230932810976,37.041230932810976
2026-07-31 23:30:00,0.0,37.105535540550086,37.105535540550086
2026-08-01 00:00:00,0.0,37.1696803139397,37.1696803139397
2026-08-01 00:30:00,0.0,37.23395470049283,37.23395470049283
2026-08-01 01:00:00,0.0,37.295958990351885,37.295958990351885
2026-08-01 01:30:00,0.0,37.35115468837375,37.35115468837375
2026-08-01 02:00:00,0.0,37.39734728322516,37.39734728322516
2026-08-01 02:30:00,0.0,37.43608473838307,37.43608473838307
2026-08-01 03:00:00,0.0,37.46813455308128,37.46813455308128
2026-08-01 03:30:00,0.0,37.49363849411195,37.49363849411195
2026-08-01 04:00:00,0.0,37.51247413480729,37.51247413480729
2026-08-01 04:30:00,0.0,37.52559165300843,37.52559165300843
2026-08-01 05:00:00,0.0,37.532939764701254,37.532939764701254
2026-08-01 05:30:00,0.0,37.53454680644361,37.53454680644361
2026-08-01 06:00:00,0.0,37.53061504679434,37.53061504679434
2026-08-01 06:30:00,0.0,37.52148196801986,37.52148196801986
2026-08-01 07:00:00,0.0,37.50769102612751,37.50769102612751
2026-08-01 07:30:00,0.0,37.49007236957379,37.49007236957379
2026-08-01 08:00:00,0.0,37.469584123619626,37.469584123619626
2026-08-01 08:30:00,0.0,37.447075706757815,37.447075706757815
2026-08-01 09:00:00,0.0,37.42337137598693,37.42337137598693
2026-08-01 09:30:00,0.0,37.39931086346522,37.39931086346522
2026-08-01 10:00:00,0.0,37.3757554085333,37.3757554085333
2026-08-01 10:30:00,0.0,37.353583451511774,37.353583451511774
2026-08-01 11:00:00,0.0,37.33365070909265,37.33365070909265
2026-08-01 11:30:00,0.0,37.31677523189605,37.31677523189605
2026-08-01 12:00:00,0.0,37.303723971167486,37.303723971167486
2026-08-01 12:30:00,0.0,37.2951997367105,37.2951997367105
2026-08-01 13:00:00,0.0,37.29183092499292,37.29183092499292
2026-08-01 13:30:00,0.0,37.294166722485016,37.294166722485016
2026-08-01 14:00:00,0.0,37.302669401589405,37.302669401589405
2026-08-01 14:30:00,0.0,37.317705073154414,37.317705073154414
2026-08-01 15:00:00,0.0,37.33953654793969,37.33953654793969
2026-08-01 15:30:00,0.0,37.36831743620605,37.36831743620605
2026-08-01 16:00:00,0.0,37.40408784555438,37.40408784555438
2026-08-01 16:30:00,0.0,37.446771705699916,37.446771705699916
2026-08-01 17:00:00,0.0,37.49617719704122,37.49617719704122
2026-08-01 17:30:00,0.0,37.55199677052836,37.55199677052836
2026-08-01 18:00:00,0.0,37.61379397357391,37.61379397357391
2026-08-01 18:30:00,0.0,37.68100443307879,37.68100443307879
2026-08-01 19:00:00,0.0,37.7528945623637,37.7528945623637
2026-08-01 19:30:00,0.0,37.828633456960176,37.828633456960176
2026-08-01 20:00:00,0.0,37.90737602681146,37.90737602681146
2026-08-01 20:30:00,0.0,37.988257550461626,37.988257550461626
2026-08-01 21:00:00,0.0,38.07039863520081,38.07039863520081
2026-08-01 21:30:00,0.0,38.152911763600336,38.152911763600336
2026-08-01 22:00:00,0.0,38.234907145423,38.234907145423
2026-08-01 22:30:00,0.0,38.3154998664194,38.3154998664194
2026-08-01 23:00:00,0.0,38.39381795407037,38.39381795407037
2026-08-01 23:30:00,0.0,38.46900410285117,38.46900410285117
2026-08-02 00:00:00,0.0,38.54021871958846,38.54021871958846
2026-08-02 00:30:00,0.0,38.61093052828634,38.61093052828634
2026-08-02 01:00:00,0.0,38.678198378255225,38.678198378255225
2026-08-02 01:30:00,0.0,38.73905356253041,38.73905356253041
2026-08-02 02:00:00,0.0,38.79157709614342,38.79157709614342
2026-08-02 02:30:00,0.0,38.83603561046351,38.83603561046351
2026-08-02 03:00:00,0.0,38.872375838611916,38.872375838611916
2026-08-02 03:30:00,0.0,38.90051503714098,38.90051503714098
2026-08-02 04:00:00,0.0,38.92041981242941,38.92041981242941
2026-08-02 04:30:00,0.0,38.93208273596908,38.93208273596908
2026-08-02 05:00:00,0.0,38.93558148746014,38.93558148746014
2026-08-02 05:30:00,0.0,38.931082227708956,38.931082227708956
2026-08-02 06:00:00,0.0,38.918858308127994,38.918858308127994
2026-08-02 06:30:00,0.0,38.8992992262657,38.8992992262657
2026-08-02 07:00:00,0.0,38.87293226253553,38.87293226253553
2026-08-02 07:30:00,0.0,38.84042676823597,38.84042676823597
2026-08-02 08:00:00,0.0,38.802541692037565,38.802541692037565
2026-08-02 08:30:00,0.0,38.76007031056306,38.76007031056306
2026-08-02 09:00:00,0.0,38.71386302464351,38.71386302464351
2026-08-02 09:30:00,0.0,38.664827414627666,38.664827414627666
2026-08-02 10:00:00,0.0,38.61391648052412,38.61391648052412
2026-08-02 10:30:00,0.0,38.56210629905486,38.56210629905486
2026-08-02 11:00:00,0.0,38.510375716779876,38.510375716779876
2026-08-02 11:30:00,0.0,38.45968661360219,38.45968661360219
2026-08-02 12:00:00,0.0,38.41096566286284,38.41096566286284
2026-08-02 12:30:00,0.0,38.36508482010063,38.36508482010063
2026-08-02 13:00:00,0.0,38.32285036114355,38.32285036114355
2026-08-02 13:30:00,0.0,38.284997688469225,38.284997688469225
2026-08-02 14:00:00,0.0,38.25218227176303,38.25218227176303
2026-08-02 14:30:00,0.0,38.22496567709837,38.22496567709837
2026-08-02 15:00:00,0.0,38.20380614666958,38.20380614666958
2026-08-02 15:30:00,0.0,38.189051665142685,38.189051665142685
2026-08-02 16:00:00,0.0,38.18093511455873,38.18093511455873
2026-08-02 16:30:00,0.0,38.17957140106043,38.17957140106043
2026-08-02 17:00:00,0.0,38.18495647444925,38.18495647444925
2026-08-02 17:30:00,0.0,38.196968794622116,38.196968794622116
2026-08-02 18:00:00,0.0,38.21537567002586,38.21537567002586
2026-08-02 18:30:00,0.0,38.2398336890562,38.2398336890562
2026-08-02 19:00:00,0.0,38.26989476583969,38.26989476583969
2026-08-02 19:30:00,0.0,38.30501363742141,38.30501363742141
2026-08-02 20:00:00,0.0,38.344556279334554,38.344556279334554
2026-08-02 20:30:00,0.0,38.38781077171733,38.38781077171733
2026-08-02 21:00:00,0.0,38.43400013952686,38.43400013952686
2026-08-02 21:30:00,0.0,38.4822965133985,38.4822965133985
2026-08-02 22:00:00,0.0,38.53183617421152,38.53183617421152
2026-08-02 22:30:00,0.0,38.58173557576152,38.58173557576152
2026-08-02 23:00:00,0.0,38.631107307526584,38.631107307526584
2026-08-02 23:30:00,0.0,38.67907580958275,38.67907580958275
2026-08-03 00:00:00,0.0,38.72479309162874,38.72479309162874
2026-08-03 00:30:00,0.0,38.769863209525525,38.769863209525525
2026-08-03 01:00:00,0.0,38.81282779991643,38.81282779991643
2026-08-03 01:30:00,0.0,38.85348190625724,38.85348190625724
2026-08-03 02:00:00,0.0,38.890964982047755,38.890964982047755
2026-08-03 02:30:00,0.0,38.92359775220425,38.92359775220425
2026-08-03 03:00:00,0.0,38.95010886753545,38.95010886753545
2026-08-03 03:30:00,0.0,38.96973527104743,38.96973527104743
2026-08-03 04:00:00,0.0,38.982060437608965,38.982060437608965
2026-08-03 04:30:00,0.0,38.986850681103164,38.986850681103164
2026-08-03 05:00:00,0.0,38.98403109226507,38.98403109226507
2026-08-03 05:30:00,0.0,38.97367404876364,38.97367404876364
2026-08-03 06:00:00,0.0,38.95599407684035,38.95599407684035
2026-08-03 06:30:00,0.0,38.93133132848286,38.93133132848286
2026-08-03 07:00:00,0.0,38.90011409534865,38.90011409534865
2026-08-03 07:30:00,0.0,38.862737973624284,38.862737973624284
2026-08-03 08:00:00,0.0,38.819655950445906,38.819655950445906
2026-08-03 08:30:00,0.0,38.771537386071515,38.771537386071515
2026-08-03 09:00:00,0.0,38.7191989407565,38.7191989407565
2026-08-03 09:30:00,0.0,38.663550907606535,38.663550907606535
2026-08-03 10:00:00,0.0,38.605563224818454,38.605563224818454
2026-08-03 10:30:00,0.0,38.54624712893292,38.54624712893292
2026-08-03 11:00:00,0.0,38.48663734350273,38.48663734350273
2026-08-03 11:30:00,0.0,38.427771825189424,38.427771825189424
2026-08-03 12:00:00,0.0,38.370671217465386,38.370671217465386
2026-08-03 12:30:00,0.0,38.31631490059713,38.31631490059713
2026-08-03 13:00:00,0.0,38.26562667679015,38.26562667679015
2026-08-03 13:30:00,0.0,38.21946326139439,38.21946326139439
2026-08-03 14:00:00,0.0,38.17860136214665,38.17860136214665
2026-08-03 14:30:00,0.0,38.1437214539097,38.1437214539097
2026-08-03 15:00:00,0.0,38.11539601241058,38.11539601241058
2026-08-03 15:30:00,0.0,38.09408147426273,38.09408147426273
2026-08-03 16:00:00,0.0,38.080112742293714,38.080112742293714
2026-08-03 16:30:00,0.0,38.073699208420166,38.073699208420166
2026-08-03 17:00:00,0.0,38.07492262170028,38.07492262170028
2026-08-03 17:30:00,0.0,38.08373708857149,38.08373708857149
2026-08-03 18:00:00,0.0,38.09997132184853,38.09997132184853
2026-08-03 18:30:00,0.0,38.12333319053744,38.12333319053744
2026-08-03 19:00:00,0.0,38.15341626765726,38.15341626765726
2026-08-03 19:30:00,0.0,38.18970813673459,38.18970813673459
2026-08-03 20:00:00,0.0,38.23160005693925,38.23160005693925
2026-08-03 20:30:00,0.0,38.2783979093027,38.2783979093027
2026-08-03 21:00:00,0.0,38.329334366829855,38.329334366829855
2026-08-03 21:30:00,0.0,38.38358214746416,38.38358214746416
2026-08-03 22:00:00,0.0,38.440268169185856,38.440268169185856
2026-08-03 22:30:00,0.0,38.498488401996156,38.498488401996156
2026-08-03 23:00:00,0.0,38.55732320032267,38.55732320032267
2026-08-03 23:30:00,0.0,38.615852877855815,38.615852877855815
2026-08-04 00:00:00,0.0,38.673173242009305,38.673173242009305
2026-08-04 00:30:00,0.0,38.72715643186854,38.72715643186854
2026-08-04 01:00:00,0.0,38.77830344985439,38.77830344985439
2026-08-04 01:30:00,0.0,38.82930873977183,38.82930873977183
2026-08-04 02:00:00,0.0,38.88111704682565,38.88111704682565
2026-08-04 02:30:00,0.0,38.93092816536505,38.93092816536505
2026-08-04 03:00:00,0.0,38.976755641739395,38.976755641739395
2026-08-04 03:30:00,0.0,39.01742531663869,39.01742531663869
2026-08-04 04:00:00,0.0,39.052253872957365,39.052253872957365
2026-08-04 04:30:00,0.0,39.08079141721997,39.08079141721997
2026-08-04 05:00:00,0.0,39.10272610034838,39.10272610034838
2026-08-04 05:30:00,0.0,39.11786003825601,39.11786003825601
2026-08-04 06:00:00,0.0,39.12610510777439,39.12610510777439
2026-08-04 06:30:00,0.0,39.12743738213752,39.12743738213752
2026-08-04 07:00:00,0.0,39.121899095061266,39.121899095061266
2026-08-04 07:30:00,0.0,39.10939605305897,39.10939605305897
2026-08-04 08:00:00,0.0,39.08989999412258,39.08989999412258
2026-08-04 08:30:00,0.0,39.06371038753578,39.06371038753578
2026-08-04 09:00:00,0.0,39.03133175892524,39.03133175892524
2026-08-04 09:30:00,0.0,38.99338871831938,38.99338871831938
2026-08-04 10:00:00,0.0,38.95058382702702,38.95058382702702
2026-08-04 10:30:00,0.0,38.903692315853945,38.903692315853945
2026-08-04 11:00:00,0.0,38.853554888232644,38.853554888232644
2026-08-04 11:30:00,0.0,38.801062887496705,38.801062887496705
2026-08-04 12:00:00,0.0,38.747139819961255,38.747139819961255
2026-08-04 12:30:00,0.0,38.69271820554852,38.69271820554852
2026-08-04 13:00:00,0.0,38.63872297854828,38.63872297854828
2026-08-04 13:30:00,0.0,38.586051782763235,38.586051782763235
2026-08-04 14:00:00,0.0,38.53859405453053,38.53859405453053
2026-08-04 14:30:00,0.0,38.49675211015005,38.49675211015005
2026-08-04 15:00:00,0.0,38.4606265361093,38.4606265361093
2026-08-04 15:30:00,0.0,38.43043089757445,38.43043089757445
2026-08-04 16:00:00,0.0,38.40646510931011,38.40646510931011
2026-08-04 16:30:00,0.0,38.38900316195668,38.38900316195668
2026-08-04 17:00:00,0.0,38.378214308402534,38.378214308402534
2026-08-04 17:30:00,0.0,38.37415129309935,38.37415129309935
2026-08-04 18:00:00,0.0,38.37673398579754,38.37673398579754
2026-08-04 18:30:00,0.0,38.38575356383035,38.38575356383035
2026-08-04 19:00:00,0.0,38.40088254220018,38.40088254220018
2026-08-04 19:30:00,0.0,38.42168327711885,38.42168327711885
2026-08-04 20:00:00,0.0,38.44766642366116,38.44766642366116
2026-08-04 20:30:00,0.0,38.478241647036,38.478241647036
2026-08-04 21:00:00,0.0,38.512730111953104,38.512730111953104
2026-08-04 21:30:00,0.0,38.55037723125544,38.55037723125544
2026-08-04 22:00:00,0.0,38.5903596454956,38.5903596454956
2026-08-04 22:30:00,0.0,38.63180407880773,38.63180407880773
2026-08-04 23:00:00,0.0,38.6738091410038,38.6738091410038
2026-08-04 23:30:00,0.0,38.71563141979233,38.71563141979233
2026-08-05 00:00:00,0.0,38.756697867192834,38.756697867192834
2026-08-05 00:30:00,0.0,38.79409952303671,38.79409952303671
2026-08-05 01:00:00,0.0,38.82891654211921,38.82891654211921
2026-08-05 01:30:00,0.0,38.863851191030165,38.863851191030165
2026-08-05 02:00:00,0.0,38.8997308715614,38.8997308715614
2026-08-05 02:30:00,0.0,38.93422314209654,38.93422314209654
2026-08-05 03:00:00,0.0,38.96572287205909,38.96572287205909
2026-08-05 03:30:00,0.0,38.99317624134318,38.99317624134318
2026-08-05 04:00:00,0.0,39.015854138452106,39.015854138452106
2026-08-05 04:30:00,0.0,39.033252228719114,39.033252228719114
2026-08-05 05:00:00,0.0,39.04500292305963,39.04500292305963
2026-08-05 05:30:00,0.0,39.05085220039091,39.05085220039091
2026-08-05 06:00:00,0.0,39.05065601038011,39.05065601038011
2026-08-05 06:30:00,0.0,39.0443400022572,39.0443400022572
2026-08-05 07:00:00,0.0,39.03192604221759,39.03192604221759
2026-08-05 07:30:00,0.0,39.013413447824476,39.013413447824476
2026-08-05 08:00:00,0.0,38.98889715258227,38.98889715258227
2026-08-05 08:30:00,0.0,38.95870968995381,38.95870968995381
2026-08-05 09:00:00,0.0,38.92333199732876,38.92333199732876
2026-08-05 09:30:00,0.0,38.88333962376979,38.88333962376979
2026-08-05 10:00:00,0.0,38.83937610069085,38.83937610069085
2026-08-05 10:30:00,0.0,38.79215082784174,38.79215082784174
2026-08-05 11:00:00,0.0,38.742432987241244,38.742432987241244
2026-08-05 11:30:00,0.0,38.691039724069704,38.691039724069704
2026-08-05 12:00:00,0.0,38.63882101199169,38.63882101199169
2026-08-05 12:30:00,0.0,38.58663882566782,38.58663882566782
2026-08-05 13:00:00,0.0,38.535352026715756,38.535352026715756
2026-08-05 13:30:00,0.0,38.48579416301583,38.48579416301583
2026-08-05 14:00:00,0.0,38.43873569016458,38.43873569016458
2026-08-05 14:30:00,0.0,38.394873140541065,38.394873140541065
2026-08-05 15:00:00,0.0,38.35473802971202,38.35473802971202
2026-08-05 15:30:00,0.0,38.31873073503834,38.31873073503834
2026-08-05 16:00:00,0.0,38.287210238687734,38.287210238687734
2026-08-05 16:30:00,0.0,38.2604815287398,38.2604815287398
2026-08-05 17:00:00,0.0,38.23878041014215,38.23878041014215
2026-08-05 17:30:00,0.0,38.2222640460646,38.2222640460646
2026-08-05 18:00:00,0.0,38.21100334145775,38.21100334145775
2026-08-05 18:30:00,0.0,38.2049799231037,38.2049799231037
2026-08-05 19:00:00,0.0,38.20408601839442,38.20408601839442
2026-08-05 19:30:00,0.0,38.20812626921127,38.20812626921127
2026-08-05 20:00:00,0.0,38.21682129652322,38.21682129652322
2026-08-05 20:30:00,0.0,38.229810911292645,38.229810911292645
2026-08-05 21:00:00,0.0,38.2466574021013,38.2466574021013
2026-08-05 21:30:00,0.0,38.2668514575503,38.2668514575503
2026-08-05 22:00:00,0.0,38.28982136512609,38.28982136512609
2026-08-05 22:30:00,0.0,38.314943394441414,38.314943394441414
2026-08-05 23:00:00,0.0,38.34155372098811,38.34155372098811
2026-08-05 23:30:00,0.0,38.36896008022247,38.36896008022247
2026-08-06 00:00:00,0.0,38.396452026891005,38.396452026891005
2026-08-06 00:30:00,0.0,38.42043564947154,38.42043564947154
2026-08-06 01:00:00,0.0,38.44150415328765,38.44150415328765
2026-08-06 01:30:00,0.0,38.459894857900814,38.459894857900814
2026-08-06 02:00:00,0.0,38.47568336406984,38.47568336406984
2026-08-06 02:30:00,0.0,38.488458555167824,38.488458555167824
2026-08-06 03:00:00,0.0,38.497869585515275,38.497869585515275
2026-08-06 03:30:00,0.0,38.50346422927095,38.50346422927095
2026-08-06 04:00:00,0.0,38.5047724356552,38.5047724356552
2026-08-06 04:30:00,0.0,38.50144581095495,38.50144581095495
2026-08-06 05:00:00,0.0,38.493241843998,38.493241843998
2026-08-06 05:30:00,0.0,38.48001360717176,38.48001360717176
2026-08-06 06:00:00,0.0,38.46170444134996,38.46170444134996
2026-08-06 06:30:00,0.0,38.43832154553532,38.43832154553532
2026-08-06 07:00:00,0.0,38.41000121218209,38.41000121218209
2026-08-06 07:30:00,0.0,38.37705713150246,38.37705713150246
2026-08-06 08:00:00,0.0,38.33993217714058,38.33993217714058
2026-08-06 08:30:00,0.0,38.299106563996176,38.299106563996176
2026-08-06 09:00:00,0.0,38.25509982672647,38.25509982672647
2026-08-06 09:30:00,0.0,38.20847967282026,38.20847967282026
2026-08-06 10:00:00,0.0,38.159861662230185,38.159861662230185
2026-08-06 10:30:00,0.0,38.109903349764934,38.109903349764934
2026-08-06 11:00:00,0.0,38.05929505575629,38.05929505575629
2026-08-06 11:30:00,0.0,38.00875071626175,38.00875071626175
2026-08-06 12:00:00,0.0,37.95899776705698,37.95899776705698
2026-08-06 12:30:00,0.0,37.91076446929431,37.91076446929431
2026-08-06 13:00:00,0.0,37.864766839013356,37.864766839013356
2026-08-06 13:30:00,0.0,37.82168953046727,37.82168953046727
2026-08-06 14:00:00,0.0,37.782173700143616,37.782173700143616
2026-08-06 14:30:00,0.0,37.74680721670809,37.74680721670809
2026-08-06 15:00:00,0.0,37.71611517708054,37.71611517708054
2026-08-06 15:30:00,0.0,37.690549205135696,37.690549205135696
2026-08-06 16:00:00,0.0,37.67047679917098,37.67047679917098
2026-08-06 16:30:00,0.0,37.65617284971785,37.65617284971785
2026-08-06 17:00:00,0.0,37.64781320235271,37.64781320235271
2026-08-06 17:30:00,0.0,37.64547029077154,37.64547029077154
2026-08-06 18:00:00,0.0,37.64911115123857,37.64911115123857
2026-08-06 18:30:00,0.0,37.6585972319423,37.6585972319423
2026-08-06 19:00:00,0.0,37.67368627273336,37.67368627273336
2026-08-06 19:30:00,0.0,37.69403595578963,37.69403595578963
2026-08-06 20:00:00,0.0,37.7192096765475,37.7192096765475
2026-08-06 20:30:00,0.0,37.74868392352937,37.74868392352937
2026-08-06 21:00:00,0.0,37.78185726901531,37.78185726901531
2026-08-06 21:30:00,0.0,37.818060778859746,37.818060778859746
2026-08-06 22:00:00,0.0,37.85656955885548,37.85656955885548
2026-08-06 22:30:00,0.0,37.89661521145186,37.89661521145186
2026-08-06 23:00:00,0.0,37.93739895988031,37.93739895988031
2026-08-06 23:30:00,0.0,37.978105341813325,37.978105341813325
2026-08-07 00:00:00,0.0,38.01791620576683,38.01791620576683
2026-08-07 00:30:00,0.0,38.05464840205384,38.05464840205384
2026-08-07 01:00:00,0.0,38.08733829996338,38.08733829996338
2026-08-07 01:30:00,0.0,38.113029785767964,38.113029785767964
2026-08-07 02:00:00,0.0,38.130513693944565,38.130513693944565
2026-08-07 02:30:00,0.0,38.14117122314934,38.14117122314934
2026-08-07 03:00:00,0.0,38.14577034933917,38.14577034933917
2026-08-07 03:30:00,0.0,38.14444864072474,38.14444864072474
2026-08-07 04:00:00,0.0,38.13706186289168,38.13706186289168
2026-08-07 04:30:00,0.0,38.12346864467249,38.12346864467249
2026-08-07 05:00:00,0.0,38.103605326208374,38.103605326208374
2026-08-07 05:30:00,0.0,38.07750284618587,38.07750284618587
2026-08-07 06:00:00,0.0,38.04528772329021,38.04528772329021
2026-08-07 06:30:00,0.0,38.00718605046735,38.00718605046735
2026-08-07 07:00:00,0.0,37.963575911166615,37.963575911166615
2026-08-07 07:30:00,0.0,37.91516287719857,37.91516287719857
2026-08-07 08:00:00,0.0,37.86279610373255,37.86279610373255
2026-08-07 08:30:00,0.0,37.807204433367794,37.807204433367794
2026-08-07 09:00:00,0.0,37.749079703530775,37.749079703530775
2026-08-07 09:30:00,0.0,37.68913195436918,37.68913195436918
2026-08-07 10:00:00,0.0,37.62810532075497,37.62810532075497
2026-08-07 10:30:00,0.0,37.56676226173213,37.56676226173213
2026-08-07 11:00:00,0.0,37.50586745115726,37.50586745115726
2026-08-07 11:30:00,0.0,37.4461773962478,37.4461773962478
2026-08-07 12:00:00,0.0,37.388432100944925,37.388432100944925
2026-08-07 12:30:00,0.0,37.333349427721835,37.333349427721835
2026-08-07 13:00:00,0.0,37.28161367057226,37.28161367057226
2026-08-07 13:30:00,0.0,37.23386394912107,37.23386394912107
2026-08-07 14:00:00,0.0,37.190683781342706,37.190683781342706
2026-08-07 14:30:00,0.0,37.15259358504677,37.15259358504677
2026-08-07 15:00:00,0.0,37.12004287093994,37.12004287093994
2026-08-07 15:30:00,0.0,37.09340213489573,37.09340213489573
2026-08-07 16:00:00,0.0,37.07295518895922,37.07295518895922
2026-08-07 16:30:00,0.0,37.05889326327454,37.05889326327454
2026-08-07 17:00:00,0.0,37.05131067300755,37.05131067300755
2026-08-07 17:30:00,0.0,37.05020185012591,37.05020185012591
2026-08-07 18:00:00,0.0,37.0554598121956,37.0554598121956
2026-08-07 18:30:00,0.0,37.066876218862745,37.066876218862745
2026-08-07 19:00:00,0.0,37.084143315085306,37.084143315085306
2026-08-07 19:30:00,0.0,37.106857614605524,37.106857614605524
2026-08-07 20:00:00,0.0,37.136488997059814,37.136488997059814
2026-08-07 20:30:00,0.0,37.17248561498234,37.17248561498234
2026-08-07 21:00:00,0.0,37.213349531437,37.213349531437
2026-08-07 21:30:00,0.0,37.2578032460069,37.2578032460069
2026-08-07 22:00:00,0.0,37.304748937376196,37.304748937376196
2026-08-07 22:30:00,0.0,37.35318119879604,37.35318119879604
2026-08-07 23:00:00,0.0,37.402117911161106,37.402117911161106
2026-08-07 23:30:00,0.0,37.45059300979835,37.45059300979835
2026-08-08 00:00:00,0.0,37.497659298215545,37.497659298215545
2026-08-08 00:30:00,0.0,37.545311754673776,37.545311754673776
2026-08-08 01:00:00,0.0,37.59065074149626,37.59065074149626
2026-08-08 01:30:00,0.0,37.629500264378585,37.629500264378585
2026-08-08 02:00:00,0.0,37.65972300667674,37.65972300667674
2026-08-08 02:30:00,0.0,37.682800802419166,37.682800802419166
2026-08-08 03:00:00,0.0,37.699470395364514,37.699470395364514
2026-08-08 03:30:00,0.0,37.709999861167574,37.709999861167574
2026-08-08 04:00:00,0.0,37.714450484439496,37.714450484439496
2026-08-08 04:30:00,0.0,37.712827362457716,37.712827362457716
2026-08-08 05:00:00,0.0,37.70518491036252,37.70518491036252
2026-08-08 05:30:00,0.0,37.69167922140113,37.69167922140113
2026-08-08 06:00:00,0.0,37.672586135251265,37.672586135251265
2026-08-08 06:30:00,0.0,37.64829174211255,37.64829174211255
2026-08-08 07:00:00,0.0,37.61935320925272,37.61935320925272
2026-08-08 07:30:00,0.0,37.58661706707012,37.58661706707012
2026-08-08 08:00:00,0.0,37.5510531390044,37.5510531390044
2026-08-08 08:30:00,0.0,37.5135175096197,37.5135175096197
2026-08-08 09:00:00,0.0,37.474840796657695,37.474840796657695
2026-08-08 09:30:00,0.0,37.43587217284144,37.43587217284144
2026-08-08 10:00:00,0.0,37.39748653532416,37.39748653532416
2026-08-08 10:30:00,0.0,37.360563027676655,37.360563027676655
2026-08-08 11:00:00,0.0,37.32596454475248,37.32596454475248
2026-08-08 11:30:00,0.0,37.2945212490409,37.2945212490409
2026-08-08 12:00:00,0.0,37.26701638493539,37.26701638493539
2026-08-08 12:30:00,0.0,37.244174023325954,37.244174023325954
2026-08-08 13:00:00,0.0,37.22664840950438,37.22664840950438
2026-08-08 13:30:00,0.0,37.215018150556816,37.215018150556816
2026-08-08 14:00:00,0.0,37.209777802104476,37.209777802104476
2026-08-08 14:30:00,0.0,37.2113279010189,37.2113279010189
2026-08-08 15:00:00,0.0,37.21996764312672,37.21996764312672
2026-08-08 15:30:00,0.0,37.235888419604436,37.235888419604436
2026-08-08 16:00:00,0.0,37.259168946994265,37.259168946994265
2026-08-08 16:30:00,0.0,37.289772936415964,37.289772936415964
2026-08-08 17:00:00,0.0,37.327548874219204,37.327548874219204
2026-08-08 17:30:00,0.0,37.372231515211126,37.372231515211126
2026-08-08 18:00:00,0.0,37.42344503276331,37.42344503276331
2026-08-08 18:30:00,0.0,37.480708179783534,37.480708179783534
2026-08-08 19:00:00,0.0,37.54344124568639,37.54344124568639
2026-08-08 19:30:00,0.0,37.610974834726115,37.610974834726115
2026-08-08 20:00:00,0.0,37.6825469994285,37.6825469994285
2026-08-08 20:30:00,0.0,37.757312681996865,37.757312681996865
2026-08-08 21:00:00,0.0,37.834315876216436,37.834315876216436
2026-08-08 21:30:00,0.0,37.912524676843745,37.912524676843745
2026-08-08 22:00:00,0.0,37.99091660389713,37.99091660389713
2026-08-08 22:30:00,0.0,38.06850325880437,38.06850325880437
2026-08-08 23:00:00,0.0,38.144334645118356,38.144334645118356
2026-08-08 23:30:00,0.0,38.21750721041675,38.21750721041675
2026-08-09 00:00:00,0.0,38.28717081494669,38.28717081494669
2026-08-09 00:30:00,0.0,38.35679870122594,38.35679870122594
2026-08-09 01:00:00,0.0,38.42346316149106,38.42346316149106
2026-08-09 01:30:00,0.0,38.48416873698279,38.48416873698279
2026-08-09 02:00:00,0.0,38.53694901916813,38.53694901916813
2026-08-09 02:30:00,0.0,38.58202910821748,38.58202910821748
2026-08-09 03:00:00,0.0,38.61930924118444,38.61930924118444
2026-08-09 03:30:00,0.0,38.648667890639544,38.648667890639544
2026-08-09 04:00:00,0.0,38.670041712404796,38.670041712404796
2026-08-09 04:30:00,0.0,38.68340249514205,38.68340249514205
2026-08-09 05:00:00,0.0,38.68881294393064,38.68881294393064
2026-08-09 05:30:00,0.0,38.68645543106352,38.68645543106352
2026-08-09 06:00:00,0.0,38.676642850043834,38.676642850043834
2026-08-09 06:30:00,0.0,38.65980032489859,38.65980032489859
2026-08-09 07:00:00,0.0,38.6364880147149,38.6364880147149
2026-08-09 07:30:00,0.0,38.60740409174318,38.60740409174318
2026-08-09 08:00:00,0.0,38.57333114993772,38.57333114993772
2026-08-09 08:30:00,0.0,38.5350809325006,38.5350809325006
2026-08-09 09:00:00,0.0,38.49351669909267,38.49351669909267
2026-08-09 09:30:00,0.0,38.44955323098013,38.44955323098013
2026-08-09 10:00:00,0.0,38.40414515398135,38.40414515398135
2026-08-09 10:30:00,0.0,38.358265513947885,38.358265513947885
2026-08-09 11:00:00,0.0,38.312885742832954,38.312885742832954
2026-08-09 11:30:00,0.0,38.26895674377172,38.26895674377172
2026-08-09 12:00:00,0.0,38.227391268539684,38.227391268539684
2026-08-09 12:30:00,0.0,38.18904479466458,38.18904479466458
2026-08-09 13:00:00,0.0,38.1547050001146,38.1547050001146
2026-08-09 13:30:00,0.0,38.12508679654127,38.12508679654127
2026-08-09 14:00:00,0.0,38.10082338558461,38.10082338558461
2026-08-09 14:30:00,0.0,38.082452494293854,38.082452494293854
2026-08-09 15:00:00,0.0,38.07040722486306,38.07040722486306
2026-08-09 15:30:00,0.0,38.06500940636537,38.06500940636537
2026-08-09 16:00:00,0.0,38.0664650352902,38.0664650352902
2026-08-09 16:30:00,0.0,38.074861683024785,38.074861683024785
2026-08-09 17:00:00,0.0,38.09016775793779,38.09016775793779
2026-08-09 17:30:00,0.0,38.11223352284007,38.11223352284007
2026-08-09 18:00:00,0.0,38.140793866992354,38.140793866992354
2026-08-09 18:30:00,0.0,38.17547312676071,38.17547312676071
2026-08-09 19:00:00,0.0,38.21579160693283,38.21579160693283
2026-08-09 19:30:00,0.0,38.261173898664815,38.261173898664815
2026-08-09 20:00:00,0.0,38.31096205174829,38.31096205174829
2026-08-09 20:30:00,0.0,38.36442506834921,38.36442506834921
2026-08-09 21:00:00,0.0,38.42076992125746,38.42076992125746
2026-08-09 21:30:00,0.0,38.47915452690022,38.47915452690022
2026-08-09 22:00:00,0.0,38.5387007384839,38.5387007384839
2026-08-09 22:30:00,0.0,38.59850831048079,38.59850831048079
2026-08-09 23:00:00,0.0,38.65766998452224,38.65766998452224
2026-08-09 23:30:00,0.0,38.7152870882725,38.7152870882725
2026-08-10 00:00:00,0.0,38.77048514175371,38.77048514175371
2026-08-10 00:30:00,0.0,38.82484168379192,38.82484168379192
2026-08-10 01:00:00,0.0,38.87686993909098,38.87686993909098
2026-08-10 01:30:00,0.0,38.92633636078552,38.92633636078552
2026-08-10 02:00:00,0.0,38.97235219874967,38.97235219874967
2026-08-10 02:30:00,0.0,39.01321031059648,39.01321031059648
2026-08-10 03:00:00,0.0,39.04761230603573,39.04761230603573
2026-08-10 03:30:00,0.0,39.074769654646246,39.074769654646246
2026-08-10 04:00:00,0.0,39.09424254251855,39.09424254251855
2026-08-10 04:30:00,0.0,39.105774841571865,39.105774841571865
2026-08-10 05:00:00,0.0,39.109271335833434,39.109271335833434
2026-08-10 05:30:00,0.0,39.10478638727017,39.10478638727017
2026-08-10 06:00:00,0.0,39.09251884008357,39.09251884008357
2026-08-10 06:30:00,0.0,39.07279617897807,39.07279617897807
2026-08-10 07:00:00,0.0,39.046037421120445,39.046037421120445
2026-08-10 07:30:00,0.0,39.01263261473802,39.01263261473802
2026-08-10 08:00:00,0.0,38.97303312875378,38.97303312875378
2026-08-10 08:30:00,0.0,38.927910622516016,38.927910622516016
2026-08-10 09:00:00,0.0,38.87808784302657,38.87808784302657
2026-08-10 09:30:00,0.0,38.82448469317219,38.82448469317219
2026-08-10 10:00:00,0.0,38.76808386503176,38.76808386503176
2026-08-10 10:30:00,0.0,38.70991188426422,38.70991188426422
2026-08-10 11:00:00,0.0,38.651020714142945,38.651020714142945
2026-08-10 11:30:00,0.0,38.59246688629486,38.59246688629486
2026-08-10 12:00:00,0.0,38.53529034331526,38.53529034331526
2026-08-10 12:30:00,0.0,38.48048996107719,38.48048996107719
2026-08-10 13:00:00,0.0,38.429008787580486,38.429008787580486
2026-08-10 13:30:00,0.0,38.38172216836433,38.38172216836433
2026-08-10 14:00:00,0.0,38.339424537034695,38.339424537034695
2026-08-10 14:30:00,0.0,38.30281296641727,38.30281296641727
2026-08-10 15:00:00,0.0,38.27247523664579,38.27247523664579
2026-08-10 15:30:00,0.0,38.24888168508805,38.24888168508805
2026-08-10 16:00:00,0.0,38.232379655732686,38.232379655732686
2026-08-10 16:30:00,0.0,38.223189518630626,38.223189518630626
2026-08-10 17:00:00,0.0,38.221402583569855,38.221402583569855
2026-08-10 17:30:00,0.0,38.226981183465384,38.226981183465384
2026-08-10 18:00:00,0.0,38.23976096460909,38.23976096460909
2026-08-10 18:30:00,0.0,38.2594553564058,38.2594553564058
2026-08-10 19:00:00,0.0,38.28566192390772,38.28566192390772
2026-08-10 19:30:00,0.0,38.31787059670867,38.31787059670867
2026-08-10 20:00:00,0.0,38.3554736507692,38.3554736507692
2026-08-10 20:30:00,0.0,38.39777733259088,38.39777733259088
2026-08-10 21:00:00,0.0,38.44401498563869,38.44401498563869
2026-08-10 21:30:00,0.0,38.493361308501,38.493361308501
2026-08-10 22:00:00,0.0,38.54494725240056,38.54494725240056
2026-08-10 22:30:00,0.0,38.59787527916356,38.59787527916356
2026-08-10 23:00:00,0.0,38.651234809314474,38.651234809314474
2026-08-10 23:30:00,0.0,38.704117664702935,38.704117664702935
2026-08-11 00:00:00,0.0,38.75563329523487,38.75563329523487
2026-08-11 00:30:00,0.0,38.803669237977914,38.803669237977914
2026-08-11 01:00:00,0.0,38.84874332405148,38.84874332405148
2026-08-11 01:30:00,0.0,38.89305980673802,38.89305980673802
2026-08-11 02:00:00,0.0,38.93727895175278,38.93727895175278
2026-08-11 02:30:00,0.0,38.97895075436661,38.97895075436661
2026-08-11 03:00:00,0.0,39.016285875538465,39.016285875538465
2026-08-11 03:30:00,0.0,39.04821075066297,39.04821075066297
2026-08-11 04:00:00,0.0,39.07408280300549,39.07408280300549
2026-08-11 04:30:00,0.0,39.093492980269986,39.093492980269986
2026-08-11 05:00:00,0.0,39.106173570023245,39.106173570023245
2026-08-11 05:30:00,0.0,39.11197255396746,39.11197255396746
2026-08-11 06:00:00,0.0,39.11084824805431,39.11084824805431
2026-08-11 06:30:00,0.0,39.102821430933076,39.102821430933076
2026-08-11 07:00:00,0.0,39.08797622104595,39.08797622104595
2026-08-11 07:30:00,0.0,39.06624817406953,39.06624817406953
2026-08-11 08:00:00,0.0,39.037631283649425,39.037631283649425
2026-08-11 08:30:00,0.0,39.0024514873889,39.0024514873889
2026-08-11 09:00:00,0.0,38.961241096630076,38.961241096630076
2026-08-11 09:30:00,0.0,38.91465439416383,38.91465439416383
2026-08-11 10:00:00,0.0,38.86342513921093,38.86342513921093
2026-08-11 10:30:00,0.0,38.80835934368963,38.80835934368963
2026-08-11 11:00:00,0.0,38.750326812646016,38.750326812646016
2026-08-11 11:30:00,0.0,38.6909124421644,38.6909124421644
2026-08-11 12:00:00,0.0,38.63298051931139,38.63298051931139
2026-08-11 12:30:00,0.0,38.57702524887527,38.57702524887527
2026-08-11 13:00:00,0.0,38.52366190366773,38.52366190366773
2026-08-11 13:30:00,0.0,38.47359597082153,38.47359597082153
2026-08-11 14:00:00,0.0,38.42758415286593,38.42758415286593
2026-08-11 14:30:00,0.0,38.386344862339044,38.386344862339044
2026-08-11 15:00:00,0.0,38.35050662835897,38.35050662835897
2026-08-11 15:30:00,0.0,38.32059427039257,38.32059427039257
2026-08-11 16:00:00,0.0,38.297011886206484,38.297011886206484
2026-08-11 16:30:00,0.0,38.28004006319836,38.28004006319836
2026-08-11 17:00:00,0.0,38.269835399531495,38.269835399531495
2026-08-11 17:30:00,0.0,38.266440809953785,38.266440809953785
2026-08-11 18:00:00,0.0,38.26980625230571,38.26980625230571
2026-08-11 18:30:00,0.0,38.27975153686016,38.27975153686016
2026-08-11 19:00:00,0.0,38.295975594170365,38.295975594170365
2026-08-11 19:30:00,0.0,38.31806020627304,38.31806020627304
2026-08-11 20:00:00,0.0,38.345473961661284,38.345473961661284
2026-08-11 20:30:00,0.0,38.37758572096292,38.37758572096292
2026-08-11 21:00:00,0.0,38.41368009186635,38.41368009186635
2026-08-11 21:30:00,0.0,38.45297253974439,38.45297253974439
2026-08-11 22:00:00,0.0,38.494624358328274,38.494624358328274
2026-08-11 22:30:00,0.0,38.53775815906637,38.53775815906637
2026-08-11 23:00:00,0.0,38.581725946929545,38.581725946929545
2026-08-11 23:30:00,0.0,38.62595719025828,38.62595719025828
2026-08-12 00:00:00,0.0,38.669727425256276,38.669727425256276
2026-08-12 00:30:00,0.0,38.71004884234607,38.71004884234607
2026-08-12 01:00:00,0.0,38.74797145574441,38.74797145574441
2026-08-12 01:30:00,0.0,38.78620434040553,38.78620434040553
2026-08-12 02:00:00,0.0,38.82559118525796,38.82559118525796
2026-08-12 02:30:00,0.0,38.863833848150996,38.863833848150996
2026-08-12 03:00:00,0.0,38.899378362337146,38.899378362337146
2026-08-12 03:30:00,0.0,38.9312103567114,38.9312103567114
2026-08-12 04:00:00,0.0,38.95861987269891,38.95861987269891
2026-08-12 04:30:00,0.0,38.98110990644229,38.98110990644229
2026-08-12 05:00:00,0.0,38.99831669025012,38.99831669025012
2026-08-12 05:30:00,0.0,39.00998640866484,39.00998640866484
2026-08-12 06:00:00,0.0,39.01596646023785,39.01596646023785
2026-08-12 06:30:00,0.0,39.01616707798104,39.01616707798104
2026-08-12 07:00:00,0.0,39.010588171096614,39.010588171096614
2026-08-12 07:30:00,0.0,38.999201420774625,38.999201420774625
2026-08-12 08:00:00,0.0,38.98207034451703,38.98207034451703
2026-08-12 08:30:00,0.0,38.95949433663118,38.95949433663118
2026-08-12 09:00:00,0.0,38.931920740629096,38.931920740629096
2026-08-12 09:30:00,0.0,38.8998913030686,38.8998913030686
2026-08-12 10:00:00,0.0,38.8640155260895,38.8640155260895
2026-08-12 10:30:00,0.0,38.82496857112953,38.82496857112953
2026-08-12 11:00:00,0.0,38.783485107895665,38.783485107895665
2026-08-12 11:30:00,0.0,38.74034299126327,38.74034299126327
2026-08-12 12:00:00,0.0,38.69633467221371,38.69633467221371
2026-08-12 12:30:00,0.0,38.652230067009455,38.652230067009455
2026-08-12 13:00:00,0.0,38.608718478282185,38.608718478282185
2026-08-12 13:30:00,0.0,38.56643925072575,38.56643925072575
2026-08-12 14:00:00,0.0,38.52602453091015,38.52602453091015
2026-08-12 14:30:00,0.0,38.488080581114346,38.488080581114346
2026-08-12 15:00:00,0.0,38.45317280568306,38.45317280568306
2026-08-12 15:30:00,0.0,38.42181254989907,38.42181254989907
2026-08-12 16:00:00,0.0,38.39444494832622,38.39444494832622
2026-08-12 16:30:00,0.0,38.3714398894206,38.3714398894206
2026-08-12 17:00:00,0.0,38.35308504165471,38.35308504165471
2026-08-12 17:30:00,0.0,38.33958091950862,38.33958091950862
2026-08-12 18:00:00,0.0,38.331037507404176,38.331037507404176
2026-08-12 18:30:00,0.0,38.327470770822195,38.327470770822195
2026-08-12 19:00:00,0.0,38.328800280496246,38.328800280496246
2026-08-12 19:30:00,0.0,38.33484960773171,38.33484960773171
2026-08-12 20:00:00,0.0,38.345349512348676,38.345349512348676
2026-08-12 20:30:00,0.0,38.35994294008554,38.35994294008554
2026-08-12 21:00:00,0.0,38.37819214096464,38.37819214096464
2026-08-12 21:30:00,0.0,38.39958730868335,38.39958730868335
2026-08-12 22:00:00,0.0,38.423556121672206,38.423556121672206
2026-08-12 22:30:00,0.0,38.44947415537324,38.44947415537324
2026-08-12 23:00:00,0.0,38.47667435836983,38.47667435836983
2026-08-12 23:30:00,0.0,38.50445645520595,38.50445645520595
2026-08-13 00:00:00,0.0,38.532091117717314,38.532091117717314
2026-08-13 00:30:00,0.0,38.555953711629336,38.555953711629336
2026-08-13 01:00:00,0.0,38.57660888001618,38.57660888001618
2026-08-13 01:30:00,0.0,38.59427348393754,38.59427348393754
2026-08-13 02:00:00,0.0,38.60900778282367,38.60900778282367
2026-08-13 02:30:00,0.0,38.62038935695844,38.62038935695844
2026-08-13 03:00:00,0.0,38.62805938513753,38.62805938513753
2026-08-13 03:30:00,0.0,38.63156106070885,38.63156106070885
2026-08-13 04:00:00,0.0,38.630423405613385,38.630423405613385
2026-08-13 04:30:00,0.0,38.624300876344236,38.624300876344236
2026-08-13 05:00:00,0.0,38.612957551096414,38.612957551096414
2026-08-13 05:30:00,0.0,38.59625640681197,38.59625640681197
2026-08-13 06:00:00,0.0,38.574153158983336,38.574153158983336
2026-08-13 06:30:00,0.0,38.546669026129585,38.546669026129585
2026-08-13 07:00:00,0.0,38.513955473027856,38.513955473027856
2026-08-13 07:30:00,0.0,38.4763421372968,38.4763421372968
2026-08-13 08:00:00,0.0,38.43428827752061,38.43428827752061
2026-08-13 08:30:00,0.0,38.38829072104143,38.38829072104143
2026-08-13 09:00:00,0.0,38.338885620771435,38.338885620771435
2026-08-13 09:30:00,0.0,38.28665707729414,38.28665707729414
2026-08-13 10:00:00,0.0,38.23223664220058,38.23223664220058
2026-08-13 10:30:00,0.0,38.17629736615982,38.17629736615982
2026-08-13 11:00:00,0.0,38.119544564563384,38.119544564563384
2026-08-13 11:30:00,0.0,38.06270711914411,38.06270711914411
2026-08-13 12:00:00,0.0,38.006528166012345,38.006528166012345
2026-08-13 12:30:00,0.0,37.9517511814039,37.9517511814039
2026-08-13 13:00:00,0.0,37.899107485416266,37.899107485416266
2026-08-13 13:30:00,0.0,37.849296990774675,37.849296990774675
2026-08-13 14:00:00,0.0,37.802973796359396,37.802973796359396
2026-08-13 14:30:00,0.0,37.760738324301975,37.760738324301975
2026-08-13 15:00:00,0.0,37.723127201901875,37.723127201901875
2026-08-13 15:30:00,0.0,37.69060268963368,37.69060268963368
2026-08-13 16:00:00,0.0,37.66354318557733,37.66354318557733
2026-08-13 16:30:00,0.0,37.64223566110115,37.64223566110115
2026-08-13 17:00:00,0.0,37.62687002692611,37.62687002692611
2026-08-13 17:30:00,0.0,37.617535441229414,37.617535441229414
2026-08-13 18:00:00,0.0,37.6142186496388,37.6142186496388
2026-08-13 18:30:00,0.0,37.61680377666592,37.61680377666592
2026-08-13 19:00:00,0.0,37.62507409483528,37.62507409483528
2026-08-13 19:30:00,0.0,37.63871546952441,37.63871546952441
2026-08-13 20:00:00,0.0,37.65732145424009,37.65732145424009
2026-08-13 20:30:00,0.0,37.68040003075993,37.68040003075993
2026-08-13 21:00:00,0.0,37.707381825560304,37.707381825560304
2026-08-13 21:30:00,0.0,37.737629668378155,37.737629668378155
2026-08-13 22:00:00,0.0,37.77044936385468,37.77044936385468
2026-08-13 22:30:00,0.0,37.80510150335287,37.80510150335287
2026-08-13 23:00:00,0.0,37.84081427558774,37.84081427558774
2026-08-13 23:30:00,0.0,37.876796810404095,37.876796810404095
2026-08-14 00:00:00,0.0,37.91225283742537,37.91225283742537
2026-08-14 00:30:00,0.0,37.94501831039291,37.94501831039291
2026-08-14 01:00:00,0.0,37.974145733262255,37.974145733262255
2026-08-14 01:30:00,0.0,37.99669195981687,37.99669195981687
2026-08-14 02:00:00,0.0,38.01145745563592,38.01145745563592
2026-08-14 02:30:00,0.0,38.019829545323375,38.019829545323375
2026-08-14 03:00:00,0.0,38.02257873801483,38.02257873801483
2026-08-14 03:30:00,0.0,38.01984165486141,38.01984165486141
2026-08-14 04:00:00,0.0,38.01146992594711,38.01146992594711
2026-08-14 04:30:00,0.0,37.99731524725889,37.99731524725889
2026-08-14 05:00:00,0.0,37.977304699899484,37.977304699899484
2026-08-14 05:30:00,0.0,37.95145813990257,37.95145813990257
2026-08-14 06:00:00,0.0,37.91988966229323,37.91988966229323
2026-08-14 06:30:00,0.0,37.88281205993677,37.88281205993677
2026-08-14 07:00:00,0.0,37.840589659427906,37.840589659427906
2026-08-14 07:30:00,0.0,37.79391417812113,37.79391417812113
2026-08-14 08:00:00,0.0,37.74362110602428,37.74362110602428
2026-08-14 08:30:00,0.0,37.69042601700225,37.69042601700225
2026-08-14 09:00:00,0.0,37.635008012157975,37.635008012157975
2026-08-14 09:30:00,0.0,37.5780650045447,37.5780650045447
2026-08-14 10:00:00,0.0,37.52032963788443,37.52032963788443
2026-08-14 10:30:00,0.0,37.462553501701606,37.462553501701606
2026-08-14 11:00:00,0.0,37.40549097594497,37.40549097594497
2026-08-14 11:30:00,0.0,37.34988879966649,37.34988879966649
2026-08-14 12:00:00,0.0,37.29647776442714,37.29647776442714
2026-08-14 12:30:00,0.0,37.24596727310298,37.24596727310298
2026-08-14 13:00:00,0.0,37.199034334030394,37.199034334030394
2026-08-14 13:30:00,0.0,37.15631233551832,37.15631233551832
2026-08-14 14:00:00,0.0,37.11838058404123,37.11838058404123
2026-08-14 14:30:00,0.0,37.085756356957205,37.085756356957205
2026-08-14 15:00:00,0.0,37.05888614435295,37.05888614435295
2026-08-14 15:30:00,0.0,37.03813639902051,37.03813639902051
2026-08-14 16:00:00,0.0,37.02378506673348,37.02378506673348
2026-08-14 16:30:00,0.0,37.016015211646945,37.016015211646945
2026-08-14 17:00:00,0.0,37.014910449404255,37.014910449404255
2026-08-14 17:30:00,0.0,37.02045193045613,37.02045193045613
2026-08-14 18:00:00,0.0,37.03251688593542,37.03251688593542
2026-08-14 18:30:00,0.0,37.05087885970444,37.05087885970444
2026-08-14 19:00:00,0.0,37.07520989995462,37.07520989995462
2026-08-14 19:30:00,0.0,37.10508454312792,37.10508454312792
2026-08-14 20:00:00,0.0,37.1399855893838,37.1399855893838
2026-08-14 20:30:00,0.0,37.179311562243655,37.179311562243655
2026-08-14 21:00:00,0.0,37.222385679443065,37.222385679443065
2026-08-14 21:30:00,0.0,37.26846614045961,37.26846614045961
2026-08-14 22:00:00,0.0,37.31729157187884,37.31729157187884
2026-08-14 22:30:00,0.0,37.368170520164135,37.368170520164135
2026-08-14 23:00:00,0.0,37.41979595049057,37.41979595049057
2026-08-14 23:30:00,0.0,37.471009270089525,37.471009270089525
2026-08-15 00:00:00,0.0,37.520779234026335,37.520779234026335
2026-08-15 00:30:00,0.0,37.57108210817892,37.57108210817892
2026-08-15 01:00:00,0.0,37.61901894415166,37.61901894415166
2026-08-15 01:30:00,0.0,37.66041718237007,37.66041718237007
2026-08-15 02:00:00,0.0,37.693108824421984,37.693108824421984
2026-08-15 02:30:00,0.0,37.718543254843034,37.718543254843034
2026-08-15 03:00:00,0.0,37.7374369217808,37.7374369217808
2026-08-15 03:30:00,0.0,37.750047900869475,37.750047900869475
2026-08-15 04:00:00,0.0,37.75645021612684,37.75645021612684
2026-08-15 04:30:00,0.0,37.75667425031933,37.75667425031933
2026-08-15 05:00:00,0.0,37.75079650438017,37.75079650438017
2026-08-15 05:30:00,0.0,37.73899012092567,37.73899012092567
2026-08-15 06:00:00,0.0,37.721540792220026,37.721540792220026
2026-08-15 06:30:00,0.0,37.69883782382122,37.69883782382122
2026-08-15 07:00:00,0.0,37.671437711975294,37.671437711975294
2026-08-15 07:30:00,0.0,37.640184380568954,37.640184380568954
2026-08-15 08:00:00,0.0,37.606045193310464,37.606045193310464
2026-08-15 08:30:00,0.0,37.5698734185711,37.5698734185711
2026-08-15 09:00:00,0.0,37.532494379884405,37.532494379884405
2026-08-15 09:30:00,0.0,37.494748421155414,37.494748421155414
2026-08-15 10:00:00,0.0,37.45749870685182,37.45749870685182
2026-08-15 10:30:00,0.0,37.42161097613162,37.42161097613162
2026-08-15 11:00:00,0.0,37.38793460317605,37.38793460317605
2026-08-15 11:30:00,0.0,37.357287145946266,37.357287145946266
2026-08-15 12:00:00,0.0,37.33044030624244,37.33044030624244
2026-08-15 12:30:00,0.0,37.30810756584022,37.30810756584022
2026-08-15 13:00:00,0.0,37.29093357194681,37.29093357194681
2026-08-15 13:30:00,0.0,37.279488387684665,37.279488387684665
2026-08-15 14:00:00,0.0,37.27425912651942,37.27425912651942
2026-08-15 14:30:00,0.0,37.275640007503156,37.275640007503156
2026-08-15 15:00:00,0.0,37.28392501502015,37.28392501502015
2026-08-15 15:30:00,0.0,37.2993014042549,37.2993014042549
2026-08-15 16:00:00,0.0,37.3218448312243,37.3218448312243
2026-08-15 16:30:00,0.0,37.35151704732553,37.35151704732553
2026-08-15 17:00:00,0.0,37.38816572504098,37.38816572504098
2026-08-15 17:30:00,0.0,37.43152600303236,37.43152600303236
2026-08-15 18:00:00,0.0,37.48122365625538,37.48122365625538
2026-08-15 18:30:00,0.0,37.53678022920384,37.53678022920384
2026-08-15 19:00:00,0.0,37.59761992048136,37.59761992048136
2026-08-15 19:30:00,0.0,37.6630782520998,37.6630782520998
2026-08-15 20:00:00,0.0,37.732412341898716,37.732412341898716
2026-08-15 20:30:00,0.0,37.8048125537245,37.8048125537245
2026-08-15 21:00:00,0.0,37.879415278701856,37.879415278701856
2026-08-15 21:30:00,0.0,37.95531661870372,37.95531661870372
2026-08-15 22:00:00,0.0,38.03158315639451,38.03158315639451
2026-08-15 22:30:00,0.0,38.10726528760147,38.10726528760147
2026-08-15 23:00:00,0.0,38.18140262450818,38.18140262450818
2026-08-15 23:30:00,0.0,38.25304285749029,38.25304285749029
2026-08-16 00:00:00,0.0,38.321282877282634,38.321282877282634
2026-08-16 00:30:00,0.0,38.38955246145657,38.38955246145657
2026-08-16 01:00:00,0.0,38.454886853546114,38.454886853546114
2026-08-16 01:30:00,0.0,38.514258521235874,38.514258521235874
2026-08-16 02:00:00,0.0,38.56567402964978,38.56567402964978
2026-08-16 02:30:00,0.0,38.60933590397781,38.60933590397781
2026-08-16 03:00:00,0.0,38.64512692984815,38.64512692984815
2026-08-16 03:30:00,0.0,38.67291392075865,38.67291392075865
2026-08-16 04:00:00,0.0,38.692627037215885,38.692627037215885
2026-08-16 04:30:00,0.0,38.704235948865076,38.704235948865076
2026-08-16 05:00:00,0.0,38.70780444185954,38.70780444185954
2026-08-16 05:30:00,0.0,38.703517722873336,38.703517722873336
2026-08-16 06:00:00,0.0,38.6916925986301,38.6916925986301
2026-08-16 06:30:00,0.0,38.67275906410346,38.67275906410346
2026-08-16 07:00:00,0.0,38.64728329999058,38.64728329999058
2026-08-16 07:30:00,0.0,38.61597097851741,38.61597097851741
2026-08-16 08:00:00,0.0,38.579613827106954,38.579613827106954
2026-08-16 08:30:00,0.0,38.53903421414507,38.53903421414507
2026-08-16 09:00:00,0.0,38.49510718583764,38.49510718583764
2026-08-16 09:30:00,0.0,38.44876005835578,38.44876005835578
2026-08-16 10:00:00,0.0,38.40096033228858,38.40096033228858
2026-08-16 10:30:00,0.0,38.35269390961586,38.35269390961586
2026-08-16 11:00:00,0.0,38.30494475842407,38.30494475842407
2026-08-16 11:30:00,0.0,38.25867574311083,38.25867574311083
2026-08-16 12:00:00,0.0,38.21481078904049,38.21481078904049
2026-08-16 12:30:00,0.0,38.1742155919889,38.1742155919889
2026-08-16 13:00:00,0.0,38.137686982457375,38.137686982457375
2026-08-16 13:30:00,0.0,38.105947912291796,38.105947912291796
2026-08-16 14:00:00,0.0,38.07963852872242,38.07963852872242
2026-08-16 14:30:00,0.0,38.05930247616965,38.05930247616965
2026-08-16 15:00:00,0.0,38.04537784420497,38.04537784420497
2026-08-16 15:30:00,0.0,38.03819063454636,38.03819063454636
2026-08-16 16:00:00,0.0,38.03795031803888,38.03795031803888
2026-08-16 16:30:00,0.0,38.04474735127518,38.04474735127518
2026-08-16 17:00:00,0.0,38.05855253794936,38.05855253794936
2026-08-16 17:30:00,0.0,38.07921813443499,38.07921813443499
2026-08-16 18:00:00,0.0,38.10648070002567,38.10648070002567
2026-08-16 18:30:00,0.0,38.13996598770031,38.13996598770031
2026-08-16 19:00:00,0.0,38.17919552822455,38.17919552822455
2026-08-16 19:30:00,0.0,38.223595003677495,38.223595003677495
2026-08-16 20:00:00,0.0,38.27250421852197,38.27250421852197
2026-08-16 20:30:00,0.0,38.32518845083143,38.32518845083143
2026-08-16 21:00:00,0.0,38.38085097123489,38.38085097123489
2026-08-16 21:30:00,0.0,38.43864650358423,38.43864650358423
2026-08-16 22:00:00,0.0,38.497696294055274,38.497696294055274
