КНС,Период,Нагн. скваж.,Закачка м3/мес базовый прогноз,Закачка м3/мес прогноз,Доля базовый прогноз,Доля прогноз,Руст базовый прогноз,Руст прогноз,Суммарная закачка прогноз,Закачка м3/мес факт,Руст факт
97,04.2026,23281,4025.1122342103295,2173.933961141812,0.04717207811108369,0.04717207811108369,108.79835140927224,108.79835140927224,46085.18530861624,4545.875,104.0
97,04.2026,23308,4754.274490460094,2567.7492139369024,0.05571745446484788,0.055717454464847896,88.59660365408256,88.59660365408256,46085.18530861624,4208.167,97.0
97,04.2026,23311,4999.8027631086925,2700.3572554704297,0.05859490934857024,0.05859490934857024,84.86944923274206,84.86944923274206,46085.18530861624,6329.373,119.0
97,04.2026,23322,262.0315740344579,141.52135506768255,0.0030708644029521395,0.0030708644029521404,115.23513675603172,115.23513675603172,46085.18530861624,242.609,120.0
97,04.2026,23414,959.0454205285826,517.973484625987,0.01123947926339671,0.011239479263396713,117.34930585190632,117.34930585190632,46085.18530861624,2393.828,115.0
97,04.2026,24527,2134.224091647541,1152.6789722994795,0.025011920090597328,0.02501192009059733,89.97284348552914,89.97284348552914,46085.18530861624,1139.3,90.0
97,04.2026,24528,3129.4258380304373,1690.180226615154,0.03667513139627437,0.036675131396274374,86.7787873914653,86.7787873914653,46085.18530861624,4433.709,87.0
97,04.2026,24759,4919.786234568388,2657.1409080185517,0.05765716010958001,0.05765716010958003,94.61671967820746,94.61671967820746,46085.18530861624,3669.121,89.0
97,04.2026,24779,4424.173641684788,2389.464136652551,0.05184885599680574,0.05184885599680575,52.69724146719132,52.69724146719132,46085.18530861624,3399.2,23.0
97,04.2026,2553,1681.3927705445044,908.1080559290607,0.019704988704022368,0.01970498870402237,99.80801437085482,99.80801437085482,46085.18530861624,88.454,100.0
97,04.2026,2555,4221.026707857779,2279.7459492204425,0.04946808684729783,0.04946808684729784,79.70496256150189,79.70496256150189,46085.18530861624,8765.135,85.0
97,04.2026,2556,371.56724032287804,200.6807749906426,0.004354561528759278,0.004354561528759279,121.91774563712426,121.91774563712426,46085.18530861624,,
97,04.2026,2558,2926.6415127469118,1580.6578814307666,0.03429861181734776,0.034298611817347766,95.53100683540981,95.53100683540981,46085.18530861624,9595.059,114.0
97,04.2026,2902,5781.005871047818,3122.2793952965703,0.06775017555832238,0.0677501755583224,47.20301979000362,47.20301979000362,46085.18530861624,130.704,45.0
97,04.2026,2903,673.6633359704571,363.84068796769276,0.00789495985599667,0.007894959855996671,88.6991894188268,88.6991894188268,46085.18530861624,,
97,04.2026,2992,6234.101889572589,3366.9932728270887,0.07306020905155358,0.0730602090515536,68.60438283210449,68.60438283210449,46085.18530861624,8212.165,80.0
97,04.2026,2994,4939.003383566454,2667.5199509898625,0.05788237441438982,0.05788237441438983,91.38379535297771,91.38379535297771,46085.18530861624,4787.724,90.0
97,04.2026,2997,651.3465890733203,351.7875746235353,0.007633419986655969,0.007633419986655971,89.9180944752182,89.9180944752182,46085.18530861624,,
97,04.2026,3592,4544.366371261141,2454.3793592611523,0.053257447980843274,0.05325744798084328,45.05077409291149,45.05077409291149,46085.18530861624,6293.227,34.0
97,04.2026,3592Д/2,3770.3944447278027,2036.3627281320394,0.04418692719786708,0.044186927197867085,46.24500741286175,46.24500741286175,46085.18530861624,4796.674,40.0
97,04.2026,4611,8.518920592085433,4.601007303598359,9.983701427664952e-05,9.983701427664954e-05,82.02382388757361,82.02382388757361,46085.18530861624,3501.21,96.0
97,04.2026,4625,4120.0504554207155,2225.2094067170938,0.04828470129425867,0.048284701294258686,47.36199389783945,47.36199389783945,46085.18530861624,4577.461,30.0
97,04.2026,4634Д,4843.561447070356,2615.9724524375115,0.056763847968045816,0.05676384796804583,44.252715080109134,44.252715080109134,46085.18530861624,5032.603,38.0
97,04.2026,4636,1071.882708251545,578.9160863699115,0.012561869557279946,0.01256186955727995,107.39741509216977,107.39741509216977,46085.18530861624,1539.858,122.0
97,04.2026,4639,4868.894433029843,2629.6546146506257,0.0570607364826843,0.05706073648268432,60.04084638544045,60.04084638544045,46085.18530861624,7679.433,50.0
97,04.2026,4648,967.5276890561015,522.5546964150083,0.01133888673584892,0.011338886735848923,95.8629892339413,95.8629892339413,46085.18530861624,1002.104,80.0
97,04.2026,4650,1247.4879055593542,673.7591814110489,0.014619864863277017,0.01461986486327702,73.05756135193188,73.05756135193188,46085.18530861624,,
97,04.2026,4698,1632.2943349259135,881.5903465039644,0.019129582328903844,0.019129582328903848,39.05417136329191,39.05417136329191,46085.18530861624,5331.58,32.0
97,04.2026,4702,425.83626567385664,229.9910824761937,0.0049905643415779815,0.004990564341577982,121.86352134009816,121.86352134009816,46085.18530861624,,
97,04.2026,9684,739.8382687885988,399.5812898338813,0.008670493286682613,0.008670493286682615,121.66675483563368,121.66675483563368,46085.18530861624,628.627,121.0
97,05.2026,23281,3273.858440251479,1889.6741899150365,0.03962469204532508,0.03962469204532507,108.0790571584733,108.0790571584733,47689.309175034476,5271.493,130.0
97,05.2026,23308,4029.338789851156,2325.738162649556,0.04876854378647802,0.048768543786478005,83.72944047202954,83.72944047202954,47689.309175034476,3970.261,95.0
97,05.2026,23311,4848.086056938141,2798.319860030126,0.05867813789793913,0.05867813789793912,62.02039156684937,62.02039156684937,47689.309175034476,6690.488,130.0
97,05.2026,23322,865.2970855523093,499.4502966509761,0.0104730033898759,0.010473003389875904,112.79169228123035,112.79169228123035,47689.309175034476,4414.874,135.0
97,05.2026,23414,959.5918717931752,553.87733650467,0.011614287270796254,0.011614287270796256,115.99272031201416,115.99272031201416,47689.309175034476,6853.246,135.0
97,05.2026,24527,2544.887025260852,1468.9111993234771,0.03080168752145518,0.030801687521455175,89.3157362542325,89.3157362542325,47689.309175034476,6095.713,110.0
97,05.2026,24528,3224.803287693853,1861.359509435642,0.03903095980283292,0.03903095980283292,87.23427402839467,87.23427402839467,47689.309175034476,,
97,05.2026,24759,4548.626472213051,2625.4715043345122,0.05505367030371989,0.055053670303719895,94.15834125435002,94.15834125435002,47689.309175034476,3524.499,80.0
97,05.2026,24779,4064.31650304636,2345.927331806837,0.04919189169204696,0.049191891692046956,47.47788125594553,47.47788125594553,47689.309175034476,,
97,05.2026,2553,1942.616195538654,1121.27990645141,0.02351218597727987,0.023512185977279873,99.35301645740839,99.35301645740839,47689.309175034476,4357.726,95.0
97,05.2026,2555,3525.0380183682814,2034.6552801067708,0.04266480926865513,0.042664809268655124,75.18586347529704,75.18586347529704,47689.309175034476,9810.167,95.0
97,05.2026,2556,649.6924927514843,375.0031216498588,0.007863463072477766,0.007863463072477768,118.39227953427991,118.39227953427991,47689.309175034476,,
97,05.2026,2558,3001.874130897761,1732.6845891648875,0.036332767639921146,0.03633276763992115,89.23519945196857,89.23519945196857,47689.309175034476,8666.247,90.0
97,05.2026,2902,5614.386106393841,3240.6289737607185,0.06795294437725259,0.06795294437725258,47.87551723608459,47.87551723608459,47689.309175034476,4372.192,60.0
97,05.2026,2903,936.7240854835748,540.6780286059371,0.011337510187482105,0.011337510187482103,87.98529477437873,87.98529477437873,47689.309175034476,,
97,05.2026,2992,5450.225629121814,3145.875390926742,0.06596605078468235,0.06596605078468235,63.763500701422224,63.763500701422224,47689.309175034476,,
97,05.2026,2994,3674.6510428842353,2121.0120594430227,0.044475629782311475,0.04447562978231147,91.74125790072526,91.74125790072526,47689.309175034476,6817.463,70.0
97,05.2026,2997,0.0,0.0,0.0,0.0,89.68987294541488,89.68987294541488,47689.309175034476,,
97,05.2026,3592,4552.155527791443,2627.5084785540666,0.05509638373896967,0.05509638373896967,44.88964037313736,44.88964037313736,47689.309175034476,5978.999,35.0
97,05.2026,3592Д/2,3911.455815538707,2257.695998318364,0.04734176353932752,0.047341763539327515,46.59427773753251,46.59427773753251,47689.309175034476,5200.451,60.0
97,05.2026,4611,1387.2508641567294,800.7225116101652,0.0167903986336071,0.016790398633607095,78.57868760950562,78.57868760950562,47689.309175034476,2017.638,90.0
97,05.2026,4625,4002.295634444437,2310.128827756624,0.048441230701785576,0.04844123070178557,48.14564889449074,48.14564889449074,47689.309175034476,8888.187,74.0
97,05.2026,4634Д,3756.421264188563,2168.209908562779,0.04546532432677479,0.04546532432677479,45.79533266786278,45.79533266786278,47689.309175034476,4636.756,40.0
97,05.2026,4636,1768.97923158777,1021.0564865383642,0.02141059504113955,0.021410595041139555,104.10522531682426,104.10522531682426,47689.309175034476,1775.564,130.0
97,05.2026,4639,5100.478170914421,2944.000827067429,0.061732930881050044,0.061732930881050044,63.94210804416679,63.94210804416679,47689.309175034476,10708.105,60.0
97,05.2026,4648,1313.4289079740072,758.1124086404068,0.01589690481482758,0.015896904814827584,100.00746888820385,100.00746888820385,47689.309175034476,1235.606,80.0
97,05.2026,4650,1289.904362443931,744.5340186980937,0.015612178737281022,0.015612178737281017,70.00251370023075,70.00251370023075,47689.309175034476,,
97,05.2026,4698,1807.1436783106233,1043.0850413035555,0.02187251313444511,0.021872513134445114,40.37326217404298,40.37326217404298,47689.309175034476,,
97,05.2026,4702,0.0,0.0,0.0,0.0,120.45308017106446,120.45308017106446,47689.309175034476,,
97,05.2026,9684,578.148614164907,333.70792722444406,0.0069975416502602895,0.006997541650260293,117.96585392653442,117.96585392653442,47689.309175034476,648.025,140.0
97,06.2026,23281,3231.506613273245,1859.3552048888032,0.037476181464132334,0.037476181464132334,107.6725464908446,107.6725464908446,49614.31854172104,8771.649,108.0
97,06.2026,23308,4711.350690736732,2710.8328953734003,0.05463811607316224,0.054638116073162254,81.63822688254287,81.63822688254287,49614.31854172104,6225.177,90.0
97,06.2026,23311,5118.597350810973,2945.155856054462,0.05936100590755589,0.059361005907555886,52.527113903905466,52.527113903905466,49614.31854172104,5881.712,106.0
97,06.2026,23322,495.32620564467715,285.0024675178891,0.005744359207075041,0.0057443592070750395,111.57161656429146,111.57161656429146,49614.31854172104,6733.285,106.0
97,06.2026,23414,1228.5519057229076,706.8883507770782,0.014247668244856591,0.014247668244856588,115.30804921415637,115.30804921415637,49614.31854172104,79.684,135.0
97,06.2026,24527,2682.2675649702464,1543.3321836157838,0.031106588359527395,0.03110658835952739,88.76428375480477,88.76428375480477,49614.31854172104,5251.12,106.0
97,06.2026,24528,2565.4377600872813,1476.1102553353244,0.029751698677349617,0.029751698677349614,87.29087981523861,87.29087981523861,49614.31854172104,4287.88,60.0
97,06.2026,24759,4703.44861124326,2706.2861701476854,0.05454647468093207,0.05454647468093207,93.82952828466154,93.82952828466154,49614.31854172104,450.639,80.0
97,06.2026,24779,4247.600211538876,2443.998576135292,0.04925994446704162,0.04925994446704162,45.25090987223036,45.25090987223036,49614.31854172104,9420.584,64.0
97,06.2026,2553,1735.7563925023576,998.7253838695376,0.02012978134587704,0.02012978134587704,98.9932554467297,98.9932554467297,49614.31854172104,65.454,95.0
97,06.2026,2555,4101.127613016852,2359.720676991632,0.04756128364450527,0.04756128364450528,73.18931193122499,73.18931193122499,49614.31854172104,8087.714,65.0
97,06.2026,2556,901.5859962487431,518.7575999053694,0.01045580419429005,0.010455804194290048,116.84069752971793,116.84069752971793,49614.31854172104,,
97,06.2026,2558,2820.441860851903,1622.8353773193458,0.03270901274104353,0.03270901274104353,86.48496225253297,86.48496225253297,49614.31854172104,81.329,90.0
97,06.2026,2902,6413.5677258741,3690.260290363982,0.07437893734770971,0.07437893734770973,48.041633665521864,48.041633665521864,49614.31854172104,513.454,50.0
97,06.2026,2903,901.7648318521482,518.8604989397224,0.010457878172878838,0.010457878172878842,87.60299197938053,87.60299197938053,49614.31854172104,,
97,06.2026,2992,6192.992418986509,3563.3449242475053,0.07182089826047017,0.07182089826047017,61.691295975605826,61.691295975605826,49614.31854172104,4256.239,80.0
97,06.2026,2994,4271.937236912477,2458.0016961085107,0.0495421839572695,0.049542183957269496,91.7838739414344,91.7838739414344,49614.31854172104,4356.77,60.0
97,06.2026,2997,50.16773174088563,28.865679168577103,0.0005818013834918205,0.0005818013834918189,89.5012981976826,89.5012981976826,49614.31854172104,,
97,06.2026,3592,4305.020963452796,2477.0375225825132,0.049925860021629735,0.049925860021629735,44.73313449489726,44.73313449489726,49614.31854172104,6375.349,22.0
97,06.2026,3592Д/2,4420.356203812626,2543.39950327267,0.05126341705437123,0.05126341705437124,46.655535785804126,46.655535785804126,49614.31854172104,5921.063,40.0
97,06.2026,4611,689.8572945827732,396.9324234226864,0.008000360280851248,0.008000360280851243,77.07888717365952,77.07888717365952,49614.31854172104,28.433,90.0
97,06.2026,4625,4095.6373561398723,2356.561674420367,0.047497612457152213,0.04749761245715221,48.37557881117651,48.37557881117651,49614.31854172104,10160.966,64.0
97,06.2026,4634Д,4814.508345178033,2770.188095490187,0.055834448137400405,0.05583444813740041,46.327484038568144,46.327484038568144,49614.31854172104,642.242,90.0
97,06.2026,4636,1213.6323189306245,698.3038684668526,0.014074643953431384,0.014074643953431382,102.66621628918784,102.66621628918784,49614.31854172104,1623.607,106.0
97,06.2026,4639,5136.024585200002,2955.18319712038,0.059563111697993894,0.0595631116979939,65.43708692644032,65.43708692644032,49614.31854172104,7654.584,30.0
97,06.2026,4648,1118.1879600007994,643.3867704097058,0.012967763930258907,0.012967763930258908,101.56228535668032,101.56228535668032,49614.31854172104,2050.071,90.0
97,06.2026,4650,1458.734218693704,839.3314285469476,0.01691712096864028,0.016917120968640287,68.64580752530964,68.64580752530964,49614.31854172104,,
97,06.2026,4698,1592.7241081742493,916.4269843427544,0.018471018272116835,0.018471018272116835,40.75424398013164,40.75424398013164,49614.31854172104,5855.877,30.0
97,06.2026,4702,249.45150890092353,143.53025289726642,0.002892919969798049,0.002892919969798049,119.8071312373073,119.8071312373073,49614.31854172104,,
97,06.2026,9684,760.714938067583,437.70273398881125,0.008822105127187105,0.008822105127187101,116.31531700059372,116.31531700059372,49614.31854172104,369.018,68.0
97,07.2026,23281,3592.973973735543,1787.2802405076707,0.03933823144097348,0.039338231440973474,107.45119035207998,107.45119035207998,45433.670377110415,6707.992,136.0
97,07.2026,23308,4678.26957710464,2327.1470475568585,0.05122075826674306,0.05122075826674306,80.7333624453143,80.7333624453143,45433.670377110415,4351.273,80.0
97,07.2026,23311,5168.86877119519,2571.189518227859,0.05659215944664752,0.05659215944664751,48.5722417571352,48.5722417571352,45433.670377110415,4974.638,145.0
97,07.2026,23322,648.7862555437756,322.730658035014,0.007103336696249094,0.007103336696249096,110.97344176811356,110.97344176811356,45433.670377110415,5535.617,120.0
97,07.2026,23414,1345.6311283743548,669.3674778431736,0.014732850599285993,0.014732850599285991,114.96608253501601,114.96608253501601,45433.670377110415,6728.455,140.0
97,07.2026,24527,2576.6376936358006,1281.7163916148872,0.0282107164351093,0.02821071643510929,88.414168146511,88.414168146511,45433.670377110415,6136.619,140.0
97,07.2026,24528,3136.9960910214845,1560.4597108181492,0.03434588704513541,0.0343458870451354,87.25210953132505,87.25210953132505,45433.670377110415,60.482,60.0
97,07.2026,24759,5106.474463092053,2540.152245258987,0.05590902571100047,0.05590902571100046,93.62856775102026,93.62856775102026,45433.670377110415,3582.211,80.0
97,07.2026,24779,4792.634974287961,2384.036692758225,0.05247290551192861,0.0524729055119286,44.294742303144915,44.294742303144915,45433.670377110415,228.637,64.0
97,07.2026,2553,2065.009987968349,1027.2135492564153,0.022609081342763966,0.022609081342763966,98.76562829544966,98.76562829544966,45433.670377110415,4073.221,80.0
97,07.2026,2555,4222.81745935938,2100.5880531155053,0.04623417029000998,0.04623417029000997,72.30169142053771,72.30169142053771,45433.670377110415,86.107,65.0
97,07.2026,2556,1153.1296001512858,573.6099855330039,0.012625217834524543,0.012625217834524539,116.15182325977409,116.15182325977409,45433.670377110415,,
97,07.2026,2558,2825.9786455401704,1405.7479486886864,0.03094066442399743,0.030940664423997427,85.27862268319461,85.27862268319461,45433.670377110415,8107.496,35.0
97,07.2026,2902,6372.66074199936,3170.000870279819,0.06977206208452996,0.06977206208452998,48.05746432191348,48.05746432191348,45433.670377110415,5261.222,80.0
97,07.2026,2903,1215.3384451614386,604.5550021916844,0.013306320998804006,0.013306320998804013,87.4019250344632,87.4019250344632,45433.670377110415,,
97,07.2026,2992,6329.868671538326,3148.7144867589545,0.06930354648048165,0.06930354648048165,60.79711426777338,60.79711426777338,45433.670377110415,8353.194,40.0
97,07.2026,2994,4274.205956435375,2126.1506221974687,0.04679680520085447,0.04679680520085446,91.75013111214258,91.75013111214258,45433.670377110415,5176.602,70.0
97,07.2026,2997,148.53065475375783,73.88472788603552,0.0016262108535976601,0.0016262108535976612,89.37756131337484,89.37756131337484,45433.670377110415,,
97,07.2026,3592,4728.761940104273,2352.2638458819956,0.05177358171500648,0.05177358171500647,44.62419605066986,44.62419605066986,45433.670377110415,5884.245,20.0
97,07.2026,3592Д/2,4273.695987128315,2125.8969443048827,0.04679122172299586,0.04679122172299585,46.639346468260804,46.639346468260804,45433.670377110415,8184.788,80.0
97,07.2026,4611,1247.5486410265223,620.5775637335628,0.013658979311656293,0.013658979311656294,76.4206132287044,76.4206132287044,45433.670377110415,2024.128,60.0
97,07.2026,4625,4292.876500549896,2135.4380522816655,0.04700122254171885,0.047001222541718825,48.424787380481426,48.424787380481426,45433.670377110415,7534.16,30.0
97,07.2026,4634Д,4524.896006613248,2250.8532714373564,0.04954152400091675,0.04954152400091674,46.495960898456474,46.495960898456474,45433.670377110415,5792.669,20.0
97,07.2026,4636,1504.4693633519068,748.3795833824018,0.016471915589708487,0.016471915589708484,102.03127526480996,102.03127526480996,45433.670377110415,1704.81,130.0
97,07.2026,4639,5309.735467980333,2641.2619054898,0.05813446027069108,0.05813446027069107,65.99931977350651,65.99931977350651,45433.670377110415,7244.507,30.0
97,07.2026,4648,1326.3944377834796,659.798425231839,0.014522234716133496,0.014522234716133495,102.13207494936587,102.13207494936587,45433.670377110415,1349.482,20.0
97,07.2026,4650,1734.5408652102963,862.8257920611428,0.0189908890234815,0.018990889023481495,68.03799226011375,68.03799226011375,45433.670377110415,3142.474,56.0
97,07.2026,4698,1857.5658629019172,924.0230478915631,0.020337847244608437,0.020337847244608433,40.835770222254865,40.835770222254865,45433.670377110415,75.468,30.0
97,07.2026,4702,59.726970982309375,29.710439274646912,0.0006539299825007109,0.0006539299825007114,119.50652001645759,119.50652001645759,45433.670377110415,,
97,07.2026,9684,820.3969758087787,408.0962776111675,0.008982243217945413,0.008982243217945413,115.57591847037858,115.57591847037858,45433.670377110415,438.903,115.0
